SITE_ID,EPA_REG,ECO_LEV_3,NUT_REG,ECO_NUTA,LAKE_ORIGIN,ECO3_X_ORIGIN,HUC_2,HUC_8
NLA06608-0001,Region_8,41,II,II,NATURAL,WMTNS NATURAL,10,10010001
NLA06608-0002,Region_4,63,XIV,CPL,MAN-MADE,PLNLOW MAN-MADE,3,3050201
NLA06608-0002,Region_4,63,XIV,CPL,MAN-MADE,PLNLOW MAN-MADE,3,3050201
NLA06608-0003,Region_6,34,X,CPL,NATURAL,PLNLOW NATURAL,12,12110111
NLA06608-0003,Region_6,34,X,CPL,NATURAL,PLNLOW NATURAL,12,12110111
NLA06608-0004,Region_8,21,II,II,MAN-MADE,WMTNS MAN-MADE,14,14080202
NLA06608-0004,Region_8,21,II,II,MAN-MADE,WMTNS MAN-MADE,14,14080202
NLA06608-0005,Region_10,16,II,II,NATURAL,WMTNS NATURAL,17,17060201
NLA06608-0005,Region_10,16,II,II,NATURAL,WMTNS NATURAL,17,17060201
NLA06608-0006,Region_1,59,XIV,CPL,MAN-MADE,EHIGH MAN-MADE,1,1100005
NLA06608-0006,Region_1,59,XIV,CPL,MAN-MADE,EHIGH MAN-MADE,1,1100005
NLA06608-0007,Region_5,51,VII,VII,NATURAL,PLNLOW NATURAL,7,7050007
NLA06608-0007,Region_5,51,VII,VII,NATURAL,PLNLOW NATURAL,7,7050007
NLA06608-0008,Region_7,47,VI,VI,MAN-MADE,PLNLOW MAN-MADE,7,7100008
NLA06608-0008,Region_7,47,VI,VI,MAN-MADE,PLNLOW MAN-MADE,7,7100008
NLA06608-0010,Region_5,56,VII,VII,NATURAL,PLNLOW NATURAL,4,4090005
NLA06608-0010,Region_5,56,VII,VII,NATURAL,PLNLOW NATURAL,4,4090005
NLA06608-0012,Region_6,27,V,V,MAN-MADE,PLNLOW MAN-MADE,11,11050003
NLA06608-0012,Region_6,27,V,V,MAN-MADE,PLNLOW MAN-MADE,11,11050003
NLA06608-0013,Region_2,84,XIV,CPL,MAN-MADE,PLNLOW MAN-MADE,2,2040202
NLA06608-0013,Region_2,84,XIV,CPL,MAN-MADE,PLNLOW MAN-MADE,2,2040202
NLA06608-0014,Region_8,46,VI,VI,NATURAL,PLNLOW NATURAL,9,9010003
NLA06608-0014,Region_8,46,VI,VI,NATURAL,PLNLOW NATURAL,9,9010003
NLA06608-0015,Region_6,24,III,III,MAN-MADE,WMTNS MAN-MADE,13,13030101
NLA06608-0015,Region_6,24,III,III,MAN-MADE,WMTNS MAN-MADE,13,13030101
NLA06608-0016,Region_7,44,IV,IVman,MAN-MADE,PLNLOW MAN-MADE,10,10190018
NLA06608-0016,Region_7,44,IV,IVman,MAN-MADE,PLNLOW MAN-MADE,10,10190018
NLA06608-0019,Region_8,42,V,V,NATURAL,PLNLOW NATURAL,10,10130104
NLA06608-0019,Region_8,42,V,V,NATURAL,PLNLOW NATURAL,10,10130104
NLA06608-0020,Region_5,54,VI,VI,MAN-MADE,PLNLOW MAN-MADE,5,5120111
NLA06608-0020,Region_5,54,VI,VI,MAN-MADE,PLNLOW MAN-MADE,5,5120111
NLA06608-0021,Region_2,83,VII,VII,NATURAL,EHIGH NATURAL,4,4140201
NLA06608-0021,Region_2,83,VII,VII,NATURAL,EHIGH NATURAL,4,4140201
NLA06608-0023,Region_6,29,IX,IX,MAN-MADE,PLNLOW MAN-MADE,12,12070202
NLA06608-0023,Region_6,29,IX,IX,MAN-MADE,PLNLOW MAN-MADE,12,12070202
NLA06608-0024,Region_6,35,IX,IX,MAN-MADE,PLNLOW MAN-MADE,12,12020001
NLA06608-0024,Region_6,35,IX,IX,MAN-MADE,PLNLOW MAN-MADE,12,12020001
NLA06608-0025,Region_4,45,IX,IX,MAN-MADE,EHIGH MAN-MADE,3,3050105
NLA06608-0025,Region_4,45,IX,IX,MAN-MADE,EHIGH MAN-MADE,3,3050105
NLA06608-0029,Region_3,63,XIV,CPL,MAN-MADE,PLNLOW MAN-MADE,2,2040207
NLA06608-0029,Region_3,63,XIV,CPL,MAN-MADE,PLNLOW MAN-MADE,2,2040207
NLA06608-0031,Region_5,70,XI,XI,MAN-MADE,EHIGH MAN-MADE,5,5030201
NLA06608-0031,Region_5,70,XI,XI,MAN-MADE,EHIGH MAN-MADE,5,5030201
NLA06608-0033,Region_10,77,II,II,NATURAL,WMTNS NATURAL,17,17030001
NLA06608-0033,Region_10,77,II,II,NATURAL,WMTNS NATURAL,17,17030001
NLA06608-0036,Region_5,72,IX,IX,MAN-MADE,PLNLOW MAN-MADE,5,5140203
NLA06608-0036,Region_5,72,IX,IX,MAN-MADE,PLNLOW MAN-MADE,5,5140203
NLA06608-0037,Region_1,58,VIII,VIII,NATURAL,EHIGH NATURAL,1,1100005
NLA06608-0037,Region_1,58,VIII,VIII,NATURAL,EHIGH NATURAL,1,1100005
NLA06608-0038,Region_1,58,VIII,VIII,NATURAL,EHIGH NATURAL,1,1110000
NLA06608-0038,Region_1,58,VIII,VIII,NATURAL,EHIGH NATURAL,1,1110000
NLA06608-0041,Region_3,69,XI,XI,MAN-MADE,EHIGH MAN-MADE,5,5050005
NLA06608-0041,Region_3,69,XI,XI,MAN-MADE,EHIGH MAN-MADE,5,5050005
NLA06608-0042,Region_8,17,II,II,MAN-MADE,WMTNS MAN-MADE,10,10090206
NLA06608-0042,Region_8,17,II,II,MAN-MADE,WMTNS MAN-MADE,10,10090206
NLA06608-0043,Region_5,56,VII,VII,NATURAL,PLNLOW NATURAL,4,4050001
NLA06608-0043,Region_5,56,VII,VII,NATURAL,PLNLOW NATURAL,4,4050001
NLA06608-0044,Region_7,44,IV,IVnat,NATURAL,PLNLOW NATURAL,10,10150004
NLA06608-0044,Region_7,44,IV,IVnat,NATURAL,PLNLOW NATURAL,10,10150004
NLA06608-0045,Region_3,45,IX,IX,MAN-MADE,EHIGH MAN-MADE,2,2080207
NLA06608-0045,Region_3,45,IX,IX,MAN-MADE,EHIGH MAN-MADE,2,2080207
NLA06608-0048,Region_7,73,X,CPL,NATURAL,PLNLOW NATURAL,8,8020201
NLA06608-0048,Region_7,73,X,CPL,NATURAL,PLNLOW NATURAL,8,8020201
NLA06608-0049,Region_10,11,II,II,MAN-MADE,WMTNS MAN-MADE,17,17050201
NLA06608-0050,Region_1,58,VIII,VIII,NATURAL,EHIGH NATURAL,1,1070003
NLA06608-0050,Region_1,58,VIII,VIII,NATURAL,EHIGH NATURAL,1,1070003
NLA06608-0053,Region_2,83,VII,VII,NATURAL,EHIGH NATURAL,2,2010001
NLA06608-0053,Region_2,83,VII,VII,NATURAL,EHIGH NATURAL,2,2010001
NLA06608-0057,Region_4,45,IX,IX,MAN-MADE,EHIGH MAN-MADE,3,3040105
NLA06608-0057,Region_4,45,IX,IX,MAN-MADE,EHIGH MAN-MADE,3,3040105
NLA06608-0061,Region_9,81,III,III,MAN-MADE,WMTNS MAN-MADE,15,15030204
NLA06608-0061,Region_9,81,III,III,MAN-MADE,WMTNS MAN-MADE,15,15030204
NLA06608-0062,Region_8,42,V,V,NATURAL,PLNLOW NATURAL,10,10130103
NLA06608-0062,Region_8,42,V,V,NATURAL,PLNLOW NATURAL,10,10130103
NLA06608-0064,Region_8,42,V,V,NATURAL,PLNLOW NATURAL,10,10050002
NLA06608-0064,Region_8,42,V,V,NATURAL,PLNLOW NATURAL,10,10050002
NLA06608-0065,Region_8,15,II,II,NATURAL,WMTNS NATURAL,17,17010101
NLA06608-0065,Region_8,15,II,II,NATURAL,WMTNS NATURAL,17,17010101
NLA06608-0066,Region_3,69,XI,XI,MAN-MADE,EHIGH MAN-MADE,5,5020006
NLA06608-0066,Region_3,69,XI,XI,MAN-MADE,EHIGH MAN-MADE,5,5020006
NLA06608-0068,Region_8,21,II,II,MAN-MADE,WMTNS MAN-MADE,14,14030003
NLA06608-0068,Region_8,21,II,II,MAN-MADE,WMTNS MAN-MADE,14,14030003
NLA06608-0069,Region_4,75,XII,CPL,NATURAL,PLNLOW NATURAL,3,3080101
NLA06608-0069,Region_4,75,XII,CPL,NATURAL,PLNLOW NATURAL,3,3080101
NLA06608-0071,Region_6,73,X,CPL,NATURAL,PLNLOW NATURAL,8,8060100
NLA06608-0071,Region_6,73,X,CPL,NATURAL,PLNLOW NATURAL,8,8060100
NLA06608-0072,Region_6,29,IX,IX,MAN-MADE,PLNLOW MAN-MADE,12,12070201
NLA06608-0072,Region_6,29,IX,IX,MAN-MADE,PLNLOW MAN-MADE,12,12070201
NLA06608-0073,Region_9,13,III,III,MAN-MADE,WMTNS MAN-MADE,16,16050203
NLA06608-0073,Region_9,13,III,III,MAN-MADE,WMTNS MAN-MADE,16,16050203
NLA06608-0076,Region_7,40,IX,IX,MAN-MADE,PLNLOW MAN-MADE,10,10240012
NLA06608-0076,Region_7,40,IX,IX,MAN-MADE,PLNLOW MAN-MADE,10,10240012
NLA06608-0077,Region_2,58,VIII,VIII,MAN-MADE,EHIGH MAN-MADE,2,2030103
NLA06608-0077,Region_2,58,VIII,VIII,MAN-MADE,EHIGH MAN-MADE,2,2030103
NLA06608-0078,Region_8,46,VI,VI,NATURAL,PLNLOW NATURAL,9,9020202
NLA06608-0078,Region_8,46,VI,VI,NATURAL,PLNLOW NATURAL,9,9020202
NLA06608-0079,Region_8,21,II,II,NATURAL,WMTNS NATURAL,14,14050005
NLA06608-0079,Region_8,21,II,II,NATURAL,WMTNS NATURAL,14,14050005
NLA06608-0080,Region_6,73,X,CPL,NATURAL,PLNLOW NATURAL,8,8020402
NLA06608-0080,Region_6,73,X,CPL,NATURAL,PLNLOW NATURAL,8,8020402
NLA06608-0081,Region_10,2,II,II,NATURAL,WMTNS NATURAL,17,17110008
NLA06608-0081,Region_10,2,II,II,NATURAL,WMTNS NATURAL,17,17110008
NLA06608-0083,Region_8,42,V,V,NATURAL,PLNLOW NATURAL,10,10130106
NLA06608-0083,Region_8,42,V,V,NATURAL,PLNLOW NATURAL,10,10130106
NLA06608-0085,Region_10,12,III,III,MAN-MADE,WMTNS MAN-MADE,17,17050114
NLA06608-0085,Region_10,12,III,III,MAN-MADE,WMTNS MAN-MADE,17,17050114
NLA06608-0086,Region_10,3,I,II,NATURAL,WMTNS NATURAL,17,17080001
NLA06608-0086,Region_10,3,I,II,NATURAL,WMTNS NATURAL,17,17080001
NLA06608-0089,Region_4,45,IX,IX,MAN-MADE,EHIGH MAN-MADE,3,3050101
NLA06608-0089,Region_4,45,IX,IX,MAN-MADE,EHIGH MAN-MADE,3,3050101
NLA06608-0090,Region_8,17,II,II,NATURAL,WMTNS NATURAL,14,14040102
NLA06608-0090,Region_8,17,II,II,NATURAL,WMTNS NATURAL,14,14040102
NLA06608-0091,Region_5,54,VI,VI,NATURAL,PLNLOW NATURAL,7,7120001
NLA06608-0091,Region_5,54,VI,VI,NATURAL,PLNLOW NATURAL,7,7120001
NLA06608-0099,Region_5,53,VII,VII,NATURAL,PLNLOW NATURAL,7,7090001
NLA06608-0099,Region_5,53,VII,VII,NATURAL,PLNLOW NATURAL,7,7090001
NLA06608-0101,Region_1,58,VIII,VIII,NATURAL,EHIGH NATURAL,1,1100005
NLA06608-0102,Region_1,58,VIII,VIII,NATURAL,EHIGH NATURAL,1,1040002
NLA06608-0104,Region_7,27,V,V,MAN-MADE,PLNLOW MAN-MADE,11,11030015
NLA06608-0104,Region_7,27,V,V,MAN-MADE,PLNLOW MAN-MADE,11,11030015
NLA06608-0105,Region_8,19,II,II,MAN-MADE,WMTNS MAN-MADE,16,16030001
NLA06608-0105,Region_8,19,II,II,MAN-MADE,WMTNS MAN-MADE,16,16030001
NLA06608-0107,Region_5,56,VII,VII,NATURAL,PLNLOW NATURAL,4,4050001
NLA06608-0110,Region_5,50,VIII,VIII,NATURAL,PLNLOW NATURAL,9,9020103
NLA06608-0111,Region_5,61,VII,VII,MAN-MADE,EHIGH MAN-MADE,5,5030103
NLA06608-0112,Region_5,72,IX,IX,MAN-MADE,PLNLOW MAN-MADE,7,7140202
NLA06608-0113,Region_1,58,VIII,VIII,NATURAL,EHIGH NATURAL,1,1110000
NLA06608-0115,Region_5,51,VII,VII,NATURAL,PLNLOW NATURAL,4,4030202
NLA06608-0116,Region_6,21,II,II,MAN-MADE,WMTNS MAN-MADE,13,13020201
NLA06608-0120,Region_6,29,IX,IX,MAN-MADE,PLNLOW MAN-MADE,11,11060006
NLA06608-0120,Region_6,29,IX,IX,MAN-MADE,PLNLOW MAN-MADE,11,11060006
NLA06608-0124,Region_7,44,IV,IVnat,NATURAL,PLNLOW NATURAL,10,10210001
NLA06608-0126,Region_8,42,V,V,NATURAL,PLNLOW NATURAL,10,10160002
NLA06608-0126,Region_8,42,V,V,NATURAL,PLNLOW NATURAL,10,10160002
NLA06608-0127,Region_9,23,II,II,MAN-MADE,WMTNS MAN-MADE,15,15020001
NLA06608-0128,Region_8,42,V,V,MAN-MADE,PLNLOW MAN-MADE,10,10050008
NLA06608-0128,Region_8,42,V,V,MAN-MADE,PLNLOW MAN-MADE,10,10050008
NLA06608-0129,Region_8,15,II,II,NATURAL,WMTNS NATURAL,17,17010208
NLA06608-0129,Region_8,15,II,II,NATURAL,WMTNS NATURAL,17,17010208
NLA06608-0130,Region_9,79,III,III,MAN-MADE,WMTNS MAN-MADE,15,15050301
NLA06608-0132,Region_9,23,II,II,MAN-MADE,WMTNS MAN-MADE,14,14080204
NLA06608-0134,Region_1,58,VIII,VIII,NATURAL,EHIGH NATURAL,1,1080207
NLA06608-0137,Region_9,13,III,III,NATURAL,WMTNS NATURAL,16,16050301
NLA06608-0139,Region_5,56,VII,VII,NATURAL,PLNLOW NATURAL,5,5120106
NLA06608-0140,Region_7,47,VI,VI,MAN-MADE,PLNLOW MAN-MADE,10,10270103
NLA06608-0141,Region_3,63,XIV,CPL,MAN-MADE,PLNLOW MAN-MADE,2,2040205
NLA06608-0142,Region_5,50,VIII,VIII,NATURAL,PLNLOW NATURAL,7,7070001
NLA06608-0144,Region_6,27,V,V,MAN-MADE,PLNLOW MAN-MADE,12,12060101
NLA06608-0144,Region_6,27,V,V,MAN-MADE,PLNLOW MAN-MADE,12,12060101
NLA06608-0148,Region_5,55,VI,VI,MAN-MADE,PLNLOW MAN-MADE,5,5120204
NLA06608-0149,Region_3,60,VII,VII,NATURAL,EHIGH NATURAL,2,2050106
NLA06608-0150,Region_1,82,VIII,VIII,NATURAL,EHIGH NATURAL,1,1030003
NLA06608-0152,Region_6,29,IX,IX,MAN-MADE,PLNLOW MAN-MADE,11,11130303
NLA06608-0153,Region_3,45,IX,IX,MAN-MADE,EHIGH MAN-MADE,2,2080207
NLA06608-0155,Region_5,54,VI,VI,NATURAL,PLNLOW NATURAL,7,7120006
NLA06608-0158,Region_5,50,VIII,VIII,NATURAL,PLNLOW NATURAL,7,7050001
NLA06608-0161,Region_4,75,XII,CPL,NATURAL,PLNLOW NATURAL,3,3100206
NLA06608-0162,Region_1,58,VIII,VIII,NATURAL,EHIGH NATURAL,1,1080202
NLA06608-0167,Region_5,51,VII,VII,NATURAL,PLNLOW NATURAL,7,7010205
NLA06608-0167,Region_5,51,VII,VII,NATURAL,PLNLOW NATURAL,7,7010205
NLA06608-0168,Region_7,40,IX,IX,MAN-MADE,PLNLOW MAN-MADE,10,10290104
NLA06608-0169,Region_8,19,II,II,MAN-MADE,WMTNS MAN-MADE,14,14070003
NLA06608-0169,Region_8,19,II,II,MAN-MADE,WMTNS MAN-MADE,14,14070003
NLA06608-0170,Region_5,50,VIII,VIII,NATURAL,PLNLOW NATURAL,4,4060101
NLA06608-0173,Region_9,81,III,III,MAN-MADE,WMTNS MAN-MADE,18,18100200
NLA06608-0174,Region_5,51,VII,VII,NATURAL,PLNLOW NATURAL,9,9020103
NLA06608-0174,Region_5,51,VII,VII,NATURAL,PLNLOW NATURAL,9,9020103
NLA06608-0175,Region_5,55,VI,VI,MAN-MADE,PLNLOW MAN-MADE,5,5080002
NLA06608-0176,Region_6,73,X,CPL,NATURAL,PLNLOW NATURAL,8,8020203
NLA06608-0177,Region_1,58,VIII,VIII,MAN-MADE,EHIGH MAN-MADE,2,2010002
NLA06608-0179,Region_8,43,IV,IVman,MAN-MADE,PLNLOW MAN-MADE,10,10140102
NLA06608-0179,Region_8,43,IV,IVman,MAN-MADE,PLNLOW MAN-MADE,10,10140102
NLA06608-0180,Region_6,27,V,V,MAN-MADE,PLNLOW MAN-MADE,11,11130203
NLA06608-0181,Region_9,13,III,III,NATURAL,WMTNS NATURAL,18,18090101
NLA06608-0183,Region_5,51,VII,VII,NATURAL,PLNLOW NATURAL,7,7030005
NLA06608-0184,Region_7,40,IX,IX,MAN-MADE,PLNLOW MAN-MADE,10,10300101
NLA06608-0185,Region_3,62,VIII,VIII,MAN-MADE,EHIGH MAN-MADE,2,2040106
NLA06608-0189,Region_3,70,XI,XI,MAN-MADE,EHIGH MAN-MADE,5,5030106
NLA06608-0189,Region_3,70,XI,XI,MAN-MADE,EHIGH MAN-MADE,5,5030106
NLA06608-0190,Region_5,50,VIII,VIII,NATURAL,PLNLOW NATURAL,9,9030006
NLA06608-0191,Region_4,66,XI,XI,MAN-MADE,EHIGH MAN-MADE,6,6010202
NLA06608-0193,Region_10,77,II,II,MAN-MADE,WMTNS MAN-MADE,17,17110005
NLA06608-0195,Region_8,42,V,V,NATURAL,PLNLOW NATURAL,10,10160002
NLA06608-0196,Region_5,72,IX,IX,MAN-MADE,PLNLOW MAN-MADE,5,5120114
NLA06608-0198,Region_1,84,XIV,CPL,NATURAL,PLNLOW NATURAL,1,1090002
NLA06608-0201,Region_9,5,II,II,MAN-MADE,WMTNS MAN-MADE,18,18020128
NLA06608-0203,Region_4,68,XI,XI,MAN-MADE,EHIGH MAN-MADE,3,3160110
NLA06608-0204,Region_6,27,V,V,MAN-MADE,PLNLOW MAN-MADE,11,11130302
NLA06608-0207,Region_4,45,IX,IX,MAN-MADE,EHIGH MAN-MADE,3,3130003
NLA06608-0207,Region_4,45,IX,IX,MAN-MADE,EHIGH MAN-MADE,3,3130003
NLA06608-0208,Region_6,73,X,CPL,MAN-MADE,PLNLOW MAN-MADE,8,8020302
NLA06608-0209,Region_10,2,II,II,NATURAL,WMTNS NATURAL,17,17110012
NLA06608-0209,Region_10,2,II,II,NATURAL,WMTNS NATURAL,17,17110012
NLA06608-0211,Region_5,51,VII,VII,NATURAL,PLNLOW NATURAL,9,9020301
NLA06608-0212,Region_5,71,IX,IX,MAN-MADE,EHIGH MAN-MADE,5,5120208
NLA06608-0215,Region_5,51,VII,VII,NATURAL,PLNLOW NATURAL,7,7010204
NLA06608-0216,Region_7,47,VI,VI,MAN-MADE,PLNLOW MAN-MADE,10,10270202
NLA06608-0217,Region_4,45,IX,IX,MAN-MADE,EHIGH MAN-MADE,3,3020201
NLA06608-0219,Region_5,56,VII,VII,NATURAL,PLNLOW NATURAL,4,4050001
NLA06608-0220,Region_7,44,IV,IVnat,NATURAL,PLNLOW NATURAL,10,10150004
NLA06608-0221,Region_3,65,IX,IX,MAN-MADE,PLNLOW MAN-MADE,2,2080206
NLA06608-0222,Region_8,42,V,V,MAN-MADE,PLNLOW MAN-MADE,10,10110101
NLA06608-0223,Region_4,45,IX,IX,MAN-MADE,EHIGH MAN-MADE,3,3070103
NLA06608-0223,Region_4,45,IX,IX,MAN-MADE,EHIGH MAN-MADE,3,3070103
NLA06608-0224,Region_7,39,XI,XI,MAN-MADE,EHIGH MAN-MADE,8,8020202
NLA06608-0224,Region_7,39,XI,XI,MAN-MADE,EHIGH MAN-MADE,8,8020202
NLA06608-0225,Region_8,42,V,V,MAN-MADE,PLNLOW MAN-MADE,10,10030104
NLA06608-0225,Region_8,42,V,V,MAN-MADE,PLNLOW MAN-MADE,10,10030104
NLA06608-0226,Region_1,59,XIV,CPL,MAN-MADE,EHIGH MAN-MADE,1,1070002
NLA06608-0228,Region_8,26,IV,IVman,MAN-MADE,PLNLOW MAN-MADE,11,11020008
NLA06608-0228,Region_8,26,IV,IVman,MAN-MADE,PLNLOW MAN-MADE,11,11020008
NLA06608-0229,Region_2,58,VIII,VIII,NATURAL,EHIGH NATURAL,4,4150305
NLA06608-0234,Region_5,56,VII,VII,NATURAL,PLNLOW NATURAL,4,4050006
NLA06608-0235,Region_5,56,VII,VII,NATURAL,PLNLOW NATURAL,5,5120106
NLA06608-0237,Region_9,13,III,III,MAN-MADE,WMTNS MAN-MADE,15,15010011
NLA06608-0237,Region_9,13,III,III,MAN-MADE,WMTNS MAN-MADE,15,15010011
NLA06608-0238,Region_5,50,VIII,VIII,NATURAL,PLNLOW NATURAL,7,7010105
NLA06608-0239,Region_4,68,XI,XI,MAN-MADE,EHIGH MAN-MADE,6,6020004
NLA06608-0240,Region_8,42,V,V,MAN-MADE,PLNLOW MAN-MADE,10,10050004
NLA06608-0241,Region_10,80,III,III,MAN-MADE,WMTNS MAN-MADE,16,16010202
NLA06608-0242,Region_1,59,XIV,CPL,MAN-MADE,EHIGH MAN-MADE,1,1100001
NLA06608-0243,Region_8,43,IV,IVman,MAN-MADE,PLNLOW MAN-MADE,10,10130102
NLA06608-0244,Region_6,26,IV,IVman,MAN-MADE,PLNLOW MAN-MADE,11,11130206
NLA06608-0245,Region_9,6,III,III,MAN-MADE,WMTNS MAN-MADE,18,18050001
NLA06608-0247,Region_8,46,VI,VI,NATURAL,PLNLOW NATURAL,10,10170203
NLA06608-0253,Region_4,65,IX,IX,MAN-MADE,PLNLOW MAN-MADE,3,3060203
NLA06608-0254,Region_8,46,VI,VI,NATURAL,PLNLOW NATURAL,9,9020201
NLA06608-0255,Region_4,68,XI,XI,MAN-MADE,EHIGH MAN-MADE,5,5130108
NLA06608-0257,Region_8,15,II,II,MAN-MADE,WMTNS MAN-MADE,17,17010101
NLA06608-0259,Region_8,42,V,V,NATURAL,PLNLOW NATURAL,10,10160004
NLA06608-0260,Region_6,21,II,II,MAN-MADE,WMTNS MAN-MADE,13,13020102
NLA06608-0268,Region_6,29,IX,IX,MAN-MADE,PLNLOW MAN-MADE,11,11100303
NLA06608-0271,Region_5,55,VI,VI,NATURAL,PLNLOW NATURAL,5,5080001
NLA06608-0275,Region_8,42,V,V,NATURAL,PLNLOW NATURAL,10,10130106
NLA06608-0276,Region_8,21,II,II,MAN-MADE,WMTNS MAN-MADE,11,11020002
NLA06608-0277,Region_10,12,III,III,MAN-MADE,WMTNS MAN-MADE,17,17040209
NLA06608-0279,Region_5,47,VI,VI,NATURAL,PLNLOW NATURAL,7,7020011
NLA06608-0280,Region_6,33,IX,IX,MAN-MADE,PLNLOW MAN-MADE,12,12030201
NLA06608-0281,Region_4,45,IX,IX,MAN-MADE,EHIGH MAN-MADE,3,3040105
NLA06608-0283,Region_4,65,IX,IX,MAN-MADE,PLNLOW MAN-MADE,3,3160106
NLA06608-0284,Region_6,27,V,V,MAN-MADE,PLNLOW MAN-MADE,11,11130302
NLA06608-0285,Region_3,63,XIV,CPL,MAN-MADE,PLNLOW MAN-MADE,2,2060008
NLA06608-0286,Region_5,50,VIII,VIII,NATURAL,PLNLOW NATURAL,4,4030106
NLA06608-0290,Region_10,9,II,II,MAN-MADE,WMTNS MAN-MADE,18,18020001
NLA06608-0290,Region_10,9,II,II,MAN-MADE,WMTNS MAN-MADE,18,18020001
NLA06608-0291,Region_5,53,VII,VII,NATURAL,PLNLOW NATURAL,4,4030201
NLA06608-0293,Region_1,59,XIV,CPL,NATURAL,EHIGH NATURAL,1,1100005
NLA06608-0294,Region_1,58,VIII,VIII,NATURAL,EHIGH NATURAL,1,1110000
NLA06608-0295,Region_8,46,VI,VI,NATURAL,PLNLOW NATURAL,10,10160010
NLA06608-0297,Region_4,65,IX,IX,MAN-MADE,PLNLOW MAN-MADE,3,3050204
NLA06608-0299,Region_5,56,VII,VII,NATURAL,PLNLOW NATURAL,4,4050001
NLA06608-0302,Region_8,46,VI,VI,NATURAL,PLNLOW NATURAL,9,9020101
NLA06608-0303,Region_5,55,VI,VI,MAN-MADE,PLNLOW MAN-MADE,4,4100012
NLA06608-0306,Region_10,80,III,III,MAN-MADE,WMTNS MAN-MADE,17,17120004
NLA06608-0312,Region_7,40,IX,IX,MAN-MADE,PLNLOW MAN-MADE,10,10270104
NLA06608-0313,Region_4,65,IX,IX,MAN-MADE,PLNLOW MAN-MADE,3,3040201
NLA06608-0318,Region_5,50,VIII,VIII,NATURAL,PLNLOW NATURAL,4,4010201
NLA06608-0319,Region_4,45,IX,IX,MAN-MADE,EHIGH MAN-MADE,3,3060101
NLA06608-0324,Region_3,69,XI,XI,MAN-MADE,EHIGH MAN-MADE,6,6010205
NLA06608-0325,Region_4,75,XII,CPL,NATURAL,PLNLOW NATURAL,3,3080101
NLA06608-0326,Region_1,59,XIV,CPL,MAN-MADE,EHIGH MAN-MADE,1,1100003
NLA06608-0327,Region_4,73,X,CPL,NATURAL,PLNLOW NATURAL,8,8060204
NLA06608-0328,Region_6,35,IX,IX,MAN-MADE,PLNLOW MAN-MADE,11,11140304
NLA06608-0328,Region_6,35,IX,IX,MAN-MADE,PLNLOW MAN-MADE,11,11140304
NLA06608-0330,Region_5,50,VIII,VIII,NATURAL,PLNLOW NATURAL,4,4070006
NLA06608-0332,Region_6,38,XI,XI,MAN-MADE,EHIGH MAN-MADE,11,11110103
NLA06608-0333,Region_2,64,IX,IX,MAN-MADE,EHIGH MAN-MADE,2,2030105
NLA06608-0334,Region_8,46,VI,VI,NATURAL,PLNLOW NATURAL,9,9010005
NLA06608-0337,Region_10,2,II,II,NATURAL,WMTNS NATURAL,17,17110019
NLA06608-0339,Region_8,42,V,V,NATURAL,PLNLOW NATURAL,10,10130106
NLA06608-0340,Region_6,21,II,II,MAN-MADE,WMTNS MAN-MADE,13,13020201
NLA06608-0341,Region_2,83,VII,VII,NATURAL,EHIGH NATURAL,4,4140202
NLA06608-0343,Region_8,46,VI,VI,NATURAL,PLNLOW NATURAL,7,7020003
NLA06608-0344,Region_7,47,VI,VI,MAN-MADE,PLNLOW MAN-MADE,10,10200203
NLA06608-0345,Region_3,45,IX,IX,MAN-MADE,EHIGH MAN-MADE,3,3010103
NLA06608-0350,Region_5,50,VIII,VIII,NATURAL,PLNLOW NATURAL,7,7050003
NLA06608-0354,Region_1,59,XIV,CPL,MAN-MADE,EHIGH MAN-MADE,1,1070004
NLA06608-0356,Region_6,26,IV,IVman,MAN-MADE,PLNLOW MAN-MADE,11,11080001
NLA06608-0357,Region_1,58,VIII,VIII,MAN-MADE,EHIGH MAN-MADE,1,1080206
NLA06608-0358,Region_1,58,VIII,VIII,NATURAL,EHIGH NATURAL,1,1040001
NLA06608-0359,Region_8,46,VI,VI,MAN-MADE,PLNLOW MAN-MADE,7,7020001
NLA06608-0361,Region_4,45,IX,IX,MAN-MADE,EHIGH MAN-MADE,3,3050101
NLA06608-0363,Region_5,56,VII,VII,MAN-MADE,PLNLOW MAN-MADE,4,4050001
NLA06608-0366,Region_5,50,VIII,VIII,NATURAL,PLNLOW NATURAL,7,7010106
NLA06608-0367,Region_5,61,VII,VII,MAN-MADE,EHIGH MAN-MADE,4,4110002
NLA06608-0369,Region_1,58,VIII,VIII,NATURAL,EHIGH NATURAL,2,2010005
NLA06608-0372,Region_8,26,IV,IVman,MAN-MADE,PLNLOW MAN-MADE,11,11020002
NLA06608-0373,Region_9,8,II,II,MAN-MADE,WMTNS MAN-MADE,18,18090208
NLA06608-0376,Region_6,29,IX,IX,MAN-MADE,PLNLOW MAN-MADE,11,11070107
NLA06608-0377,Region_3,67,XI,XI,MAN-MADE,EHIGH MAN-MADE,2,2050301
NLA06608-0378,Region_8,42,V,V,MAN-MADE,PLNLOW MAN-MADE,10,10030104
NLA06608-0384,Region_8,42,V,V,NATURAL,PLNLOW NATURAL,10,10110101
NLA06608-0385,Region_8,42,V,V,NATURAL,PLNLOW NATURAL,10,10030201
NLA06608-0386,Region_3,67,XI,XI,MAN-MADE,EHIGH MAN-MADE,2,2050302
NLA06608-0388,Region_4,69,XI,XI,MAN-MADE,EHIGH MAN-MADE,5,5130101
NLA06608-0388,Region_4,69,XI,XI,MAN-MADE,EHIGH MAN-MADE,5,5130101
NLA06608-0393,Region_9,6,III,III,MAN-MADE,WMTNS MAN-MADE,18,18040010
NLA06608-0395,Region_4,67,XI,XI,MAN-MADE,EHIGH MAN-MADE,3,3150106
NLA06608-0399,Region_5,56,VII,VII,MAN-MADE,PLNLOW MAN-MADE,4,4090005
NLA06608-0401,Region_1,82,VIII,VIII,NATURAL,EHIGH NATURAL,1,1010003
NLA06608-0402,Region_10,1,II,II,MAN-MADE,WMTNS MAN-MADE,17,17100305
NLA06608-0402,Region_10,1,II,II,MAN-MADE,WMTNS MAN-MADE,17,17100305
NLA06608-0403,Region_5,50,VIII,VIII,NATURAL,PLNLOW NATURAL,7,7010101
NLA06608-0405,Region_3,60,VII,VII,MAN-MADE,EHIGH MAN-MADE,2,2050101
NLA06608-0406,Region_10,4,II,II,NATURAL,WMTNS NATURAL,17,17070306
NLA06608-0407,Region_8,46,VI,VI,NATURAL,PLNLOW NATURAL,10,10160010
NLA06608-0408,Region_6,29,IX,IX,MAN-MADE,PLNLOW MAN-MADE,11,11130303
NLA06608-0413,Region_3,45,IX,IX,MAN-MADE,EHIGH MAN-MADE,3,3010204
NLA06608-0414,Region_5,50,VIII,VIII,NATURAL,PLNLOW NATURAL,7,7030002
NLA06608-0418,Region_1,58,VIII,VIII,NATURAL,EHIGH NATURAL,1,1070003
NLA06608-0421,Region_2,83,VII,VII,MAN-MADE,EHIGH MAN-MADE,2,2020003
NLA06608-0425,Region_8,19,II,II,MAN-MADE,WMTNS MAN-MADE,16,16030002
NLA06608-0426,Region_5,50,VIII,VIII,NATURAL,PLNLOW NATURAL,4,4080202
NLA06608-0432,Region_4,74,IX,IX,MAN-MADE,PLNLOW MAN-MADE,8,8030204
NLA06608-0433,Region_1,83,VII,VII,NATURAL,EHIGH NATURAL,2,2010000
NLA06608-0435,Region_5,50,VIII,VIII,MAN-MADE,PLNLOW MAN-MADE,7,7050005
NLA06608-0436,Region_6,36,XI,XI,MAN-MADE,EHIGH MAN-MADE,8,8040101
NLA06608-0439,Region_8,42,V,V,NATURAL,PLNLOW NATURAL,10,10160007
NLA06608-0440,Region_6,27,V,V,MAN-MADE,PLNLOW MAN-MADE,11,11060006
NLA06608-0442,Region_8,42,V,V,NATURAL,PLNLOW NATURAL,10,10110101
NLA06608-0444,Region_4,74,IX,IX,MAN-MADE,PLNLOW MAN-MADE,8,8030203
NLA06608-0445,Region_5,70,XI,XI,MAN-MADE,EHIGH MAN-MADE,5,5030106
NLA06608-0447,Region_4,70,XI,XI,MAN-MADE,EHIGH MAN-MADE,5,5090104
NLA06608-0449,Region_10,15,II,II,NATURAL,WMTNS NATURAL,17,17020003
NLA06608-0452,Region_8,25,V,V,MAN-MADE,PLNLOW MAN-MADE,10,10190004
NLA06608-0453,Region_4,75,XII,CPL,NATURAL,PLNLOW NATURAL,3,3080102
NLA06608-0454,Region_1,59,XIV,CPL,MAN-MADE,EHIGH MAN-MADE,1,1090004
NLA06608-0456,Region_6,32,V,V,MAN-MADE,PLNLOW MAN-MADE,12,12030106
NLA06608-0458,Region_4,65,IX,IX,MAN-MADE,PLNLOW MAN-MADE,3,3110204
NLA06608-0459,Region_4,68,XI,XI,MAN-MADE,EHIGH MAN-MADE,3,3160109
NLA06608-0462,Region_5,50,VIII,VIII,NATURAL,PLNLOW NATURAL,7,7070001
NLA06608-0463,Region_5,56,VII,VII,MAN-MADE,PLNLOW MAN-MADE,4,4090005
NLA06608-0467,Region_5,53,VII,VII,NATURAL,PLNLOW NATURAL,4,4030201
NLA06608-0468,Region_8,21,II,II,NATURAL,WMTNS NATURAL,14,14010004
NLA06608-0469,Region_3,60,VII,VII,NATURAL,EHIGH NATURAL,2,2040101
NLA06608-0470,Region_1,58,VIII,VIII,NATURAL,EHIGH NATURAL,1,1070002
NLA06608-0471,Region_8,46,VI,VI,NATURAL,PLNLOW NATURAL,10,10160010
NLA06608-0472,Region_6,37,IX,IX,MAN-MADE,EHIGH MAN-MADE,11,11140103
NLA06608-0473,Region_4,45,IX,IX,MAN-MADE,EHIGH MAN-MADE,3,3040103
NLA06608-0479,Region_5,55,VI,VI,NATURAL,PLNLOW NATURAL,5,5060001
NLA06608-0480,Region_7,39,XI,XI,MAN-MADE,EHIGH MAN-MADE,7,7140104
NLA06608-0480,Region_7,39,XI,XI,MAN-MADE,EHIGH MAN-MADE,7,7140104
NLA06608-0483,Region_6,24,III,III,MAN-MADE,WMTNS MAN-MADE,13,13040212
NLA06608-0484,Region_4,65,IX,IX,MAN-MADE,PLNLOW MAN-MADE,8,8010203
NLA06608-0488,Region_7,29,IX,IX,MAN-MADE,PLNLOW MAN-MADE,11,11070106
NLA06608-0489,Region_3,64,IX,IX,MAN-MADE,EHIGH MAN-MADE,2,2080103
NLA06608-0491,Region_5,56,VII,VII,NATURAL,PLNLOW NATURAL,4,4050001
NLA06608-0493,Region_3,64,IX,IX,MAN-MADE,EHIGH MAN-MADE,2,2070010
NLA06608-0494,Region_5,50,VIII,VIII,NATURAL,PLNLOW NATURAL,7,7010105
NLA06608-0495,Region_8,21,II,II,MAN-MADE,WMTNS MAN-MADE,14,14020002
NLA06608-0496,Region_8,42,V,V,MAN-MADE,PLNLOW MAN-MADE,10,10050010
NLA06608-0497,Region_10,13,III,III,MAN-MADE,WMTNS MAN-MADE,16,16010202
NLA06608-0498,Region_1,59,XIV,CPL,NATURAL,EHIGH NATURAL,1,1100001
NLA06608-0500,Region_6,36,XI,XI,MAN-MADE,EHIGH MAN-MADE,11,11140109
NLA06608-0501,Region_9,6,III,III,MAN-MADE,WMTNS MAN-MADE,18,18050005
NLA06608-0502,Region_5,56,VII,VII,NATURAL,PLNLOW NATURAL,4,4080203
NLA06608-0503,Region_8,46,VI,VI,NATURAL,PLNLOW NATURAL,10,10170102
NLA06608-0508,Region_4,73,X,CPL,MAN-MADE,PLNLOW MAN-MADE,8,8030207
NLA06608-0509,Region_3,70,XI,XI,MAN-MADE,EHIGH MAN-MADE,5,5010008
NLA06608-0510,Region_8,46,VI,VI,NATURAL,PLNLOW NATURAL,9,9020201
NLA06608-0511,Region_8,21,II,II,MAN-MADE,WMTNS MAN-MADE,14,14020002
NLA06608-0512,Region_8,46,VI,VI,NATURAL,PLNLOW NATURAL,9,9010004
NLA06608-0514,Region_3,67,XI,XI,MAN-MADE,EHIGH MAN-MADE,2,2050303
NLA06608-0515,Region_8,42,V,V,NATURAL,PLNLOW NATURAL,10,10160004
NLA06608-0523,Region_8,46,VI,VI,NATURAL,PLNLOW NATURAL,10,10170203
NLA06608-0526,Region_5,50,VIII,VIII,NATURAL,PLNLOW NATURAL,9,9030001
NLA06608-0528,Region_7,27,V,V,MAN-MADE,PLNLOW MAN-MADE,10,10200101
NLA06608-0529,Region_10,10,III,III,NATURAL,WMTNS NATURAL,17,17020015
NLA06608-0530,Region_4,75,XII,CPL,MAN-MADE,PLNLOW MAN-MADE,3,3070203
NLA06608-0531,Region_8,42,V,V,NATURAL,PLNLOW NATURAL,10,10130106
NLA06608-0533,Region_2,60,VII,VII,MAN-MADE,EHIGH MAN-MADE,5,5010001
NLA06608-0537,Region_3,69,XI,XI,MAN-MADE,EHIGH MAN-MADE,5,5050004
NLA06608-0540,Region_6,27,V,V,MAN-MADE,PLNLOW MAN-MADE,11,11120303
NLA06608-0541,Region_3,45,IX,IX,MAN-MADE,EHIGH MAN-MADE,2,2070008
NLA06608-0542,Region_5,50,VIII,VIII,NATURAL,PLNLOW NATURAL,4,4030108
NLA06608-0546,Region_1,59,XIV,CPL,NATURAL,EHIGH NATURAL,1,1070005
NLA06608-0547,Region_5,51,VII,VII,MAN-MADE,PLNLOW MAN-MADE,7,7070003
NLA06608-0550,Region_1,58,VIII,VIII,NATURAL,EHIGH NATURAL,1,1080104
NLA06608-0551,Region_5,51,VII,VII,NATURAL,PLNLOW NATURAL,7,7010204
NLA06608-0555,Region_5,56,VII,VII,NATURAL,PLNLOW NATURAL,4,4050001
NLA06608-0558,Region_5,51,VII,VII,NATURAL,PLNLOW NATURAL,9,9020106
NLA06608-0560,Region_6,26,IV,IVman,MAN-MADE,PLNLOW MAN-MADE,11,11090106
NLA06608-0561,Region_10,16,II,II,NATURAL,WMTNS NATURAL,17,17050123
NLA06608-0562,Region_1,59,XIV,CPL,MAN-MADE,EHIGH MAN-MADE,1,1090004
NLA06608-0562,Region_1,59,XIV,CPL,MAN-MADE,EHIGH MAN-MADE,1,1090004
NLA06608-0564,Region_6,22,III,III,MAN-MADE,WMTNS MAN-MADE,13,13020101
NLA06608-0565,Region_9,6,III,III,MAN-MADE,WMTNS MAN-MADE,18,18050003
NLA06608-0569,Region_9,23,II,II,MAN-MADE,WMTNS MAN-MADE,15,15060202
NLA06608-0570,Region_8,43,IV,IVman,MAN-MADE,PLNLOW MAN-MADE,10,10070006
NLA06608-0579,Region_8,42,V,V,NATURAL,PLNLOW NATURAL,10,10130103
NLA06608-0580,Region_3,69,XI,XI,MAN-MADE,EHIGH MAN-MADE,5,5070202
NLA06608-0581,Region_10,12,III,III,MAN-MADE,WMTNS MAN-MADE,17,17040219
NLA06608-0582,Region_1,59,XIV,CPL,MAN-MADE,EHIGH MAN-MADE,1,1080205
NLA06608-0583,Region_4,73,X,CPL,NATURAL,PLNLOW NATURAL,8,8060100
NLA06608-0585,Region_9,13,III,III,MAN-MADE,WMTNS MAN-MADE,16,16050203
NLA06608-0587,Region_5,56,VII,VII,NATURAL,PLNLOW NATURAL,7,7120001
NLA06608-0587,Region_5,56,VII,VII,NATURAL,PLNLOW NATURAL,7,7120001
NLA06608-0588,Region_7,27,V,V,MAN-MADE,PLNLOW MAN-MADE,10,10250017
NLA06608-0590,Region_5,50,VIII,VIII,NATURAL,PLNLOW NATURAL,7,7070001
NLA06608-0591,Region_4,45,IX,IX,MAN-MADE,EHIGH MAN-MADE,3,3150104
NLA06608-0593,Region_10,2,II,II,MAN-MADE,WMTNS MAN-MADE,17,17110002
NLA06608-0594,Region_4,65,IX,IX,MAN-MADE,PLNLOW MAN-MADE,3,3060203
NLA06608-0595,Region_8,42,V,V,NATURAL,PLNLOW NATURAL,10,10130106
NLA06608-0596,Region_8,21,II,II,MAN-MADE,WMTNS MAN-MADE,11,11020001
NLA06608-0597,Region_10,12,III,III,MAN-MADE,WMTNS MAN-MADE,17,17050114
NLA06608-0599,Region_6,33,IX,IX,MAN-MADE,PLNLOW MAN-MADE,12,12070102
NLA06608-0606,Region_5,50,VIII,VIII,NATURAL,PLNLOW NATURAL,7,7050002
NLA06608-0608,Region_7,73,X,CPL,NATURAL,PLNLOW NATURAL,8,8010100
NLA06608-0609,Region_4,75,XII,CPL,NATURAL,PLNLOW NATURAL,3,3100205
NLA06608-0610,Region_1,59,XIV,CPL,NATURAL,EHIGH NATURAL,1,1070002
NLA06608-0611,Region_5,53,VII,VII,NATURAL,PLNLOW NATURAL,7,7090001
NLA06608-0614,Region_10,78,II,II,MAN-MADE,WMTNS MAN-MADE,17,17100301
NLA06608-0616,Region_6,27,V,V,MAN-MADE,PLNLOW MAN-MADE,11,11050001
NLA06608-0617,Region_9,23,II,II,MAN-MADE,WMTNS MAN-MADE,15,15020015
NLA06608-0618,Region_4,65,IX,IX,MAN-MADE,PLNLOW MAN-MADE,3,3140301
NLA06608-0619,Region_5,56,VII,VII,NATURAL,PLNLOW NATURAL,4,4050003
NLA06608-0622,Region_5,51,VII,VII,NATURAL,PLNLOW NATURAL,7,7010108
NLA06608-0623,Region_5,61,VII,VII,MAN-MADE,EHIGH MAN-MADE,4,4110002
NLA06608-0624,Region_5,54,VI,VI,MAN-MADE,PLNLOW MAN-MADE,7,7140201
NLA06608-0625,Region_10,11,II,II,NATURAL,WMTNS NATURAL,17,17050203
NLA06608-0627,Region_5,51,VII,VII,NATURAL,PLNLOW NATURAL,4,4030104
NLA06608-0628,Region_6,26,IV,IVman,MAN-MADE,PLNLOW MAN-MADE,11,11080004
NLA06608-0630,Region_5,50,VIII,VIII,NATURAL,PLNLOW NATURAL,4,4030110
NLA06608-0632,Region_7,40,IX,IX,MAN-MADE,PLNLOW MAN-MADE,10,10290102
NLA06608-0634,Region_8,42,V,V,NATURAL,PLNLOW NATURAL,9,9010001
NLA06608-0635,Region_8,25,V,V,MAN-MADE,PLNLOW MAN-MADE,10,10190006
NLA06608-0637,Region_8,19,II,II,MAN-MADE,WMTNS MAN-MADE,14,14060004
NLA06608-0641,Region_10,15,II,II,NATURAL,WMTNS NATURAL,17,17020003
NLA06608-0648,Region_7,44,IV,IVnat,NATURAL,PLNLOW NATURAL,10,10220001
NLA06608-0649,Region_9,5,II,II,MAN-MADE,WMTNS MAN-MADE,18,18040010
NLA06608-0650,Region_10,17,II,II,NATURAL,WMTNS NATURAL,17,17040202
NLA06608-0651,Region_4,67,XI,XI,MAN-MADE,EHIGH MAN-MADE,3,3150202
NLA06608-0654,Region_5,50,VIII,VIII,NATURAL,PLNLOW NATURAL,7,7070001
NLA06608-0657,Region_1,58,VIII,VIII,NATURAL,EHIGH NATURAL,1,1020002
NLA06608-0658,Region_10,1,II,II,NATURAL,WMTNS NATURAL,17,17100206
NLA06608-0659,Region_8,46,VI,VI,MAN-MADE,PLNLOW MAN-MADE,9,9020308
NLA06608-0660,Region_5,55,VI,VI,NATURAL,PLNLOW NATURAL,5,5120201
NLA06608-0661,Region_3,60,VII,VII,MAN-MADE,EHIGH MAN-MADE,2,2050106
NLA06608-0662,Region_1,58,VIII,VIII,NATURAL,EHIGH NATURAL,1,1080101
NLA06608-0663,Region_8,46,VI,VI,NATURAL,PLNLOW NATURAL,10,10170201
NLA06608-0665,Region_4,65,IX,IX,MAN-MADE,PLNLOW MAN-MADE,3,3030004
NLA06608-0671,Region_8,19,II,II,NATURAL,WMTNS NATURAL,14,14060003
NLA06608-0672,Region_5,72,IX,IX,NATURAL,PLNLOW NATURAL,7,7140101
NLA06608-0674,Region_1,58,VIII,VIII,NATURAL,EHIGH NATURAL,1,1080203
NLA06608-0677,Region_10,80,III,III,NATURAL,WMTNS NATURAL,17,17120009
NLA06608-0678,Region_10,4,II,II,NATURAL,WMTNS NATURAL,17,17070301
NLA06608-0679,Region_5,51,VII,VII,NATURAL,PLNLOW NATURAL,7,7010206
NLA06608-0681,Region_3,70,XI,XI,MAN-MADE,EHIGH MAN-MADE,5,5030203
NLA06608-0686,Region_5,51,VII,VII,NATURAL,PLNLOW NATURAL,7,7020005
NLA06608-0687,Region_8,21,II,II,MAN-MADE,WMTNS MAN-MADE,14,14020005
NLA06608-0690,Region_1,59,XIV,CPL,MAN-MADE,EHIGH MAN-MADE,1,1090003
NLA06608-0690,Region_1,59,XIV,CPL,MAN-MADE,EHIGH MAN-MADE,1,1090003
NLA06608-0692,Region_7,27,V,V,MAN-MADE,PLNLOW MAN-MADE,10,10200101
NLA06608-0693,Region_9,6,III,III,MAN-MADE,WMTNS MAN-MADE,18,18040006
NLA06608-0696,Region_6,27,V,V,MAN-MADE,PLNLOW MAN-MADE,11,11130303
NLA06608-0707,Region_8,42,V,V,NATURAL,PLNLOW NATURAL,10,10130103
NLA06608-0709,Region_4,75,XII,CPL,NATURAL,PLNLOW NATURAL,3,3080102
NLA06608-0710,Region_1,84,XIV,CPL,NATURAL,PLNLOW NATURAL,1,1090002
NLA06608-0711,Region_6,35,IX,IX,MAN-MADE,PLNLOW MAN-MADE,8,8080204
NLA06608-0712,Region_6,29,IX,IX,MAN-MADE,PLNLOW MAN-MADE,12,12060202
NLA06608-0713,Region_9,5,II,II,MAN-MADE,WMTNS MAN-MADE,16,16050102
NLA06608-0715,Region_8,21,II,II,MAN-MADE,WMTNS MAN-MADE,10,10190005
NLA06608-0717,Region_3,63,XIV,CPL,MAN-MADE,PLNLOW MAN-MADE,2,2040207
NLA06608-0718,Region_8,43,IV,IVnat,NATURAL,PLNLOW NATURAL,10,10130204
NLA06608-0720,Region_7,27,V,V,MAN-MADE,PLNLOW MAN-MADE,10,10250015
NLA06608-0721,Region_10,4,II,II,MAN-MADE,WMTNS MAN-MADE,17,17080005
NLA06608-0723,Region_7,44,IV,IVnat,NATURAL,PLNLOW NATURAL,10,10150003
NLA06608-0724,Region_5,55,VI,VI,MAN-MADE,PLNLOW MAN-MADE,5,5120204
NLA06608-0726,Region_1,58,VIII,VIII,NATURAL,EHIGH NATURAL,1,1060002
NLA06608-0727,Region_8,46,VI,VI,NATURAL,PLNLOW NATURAL,10,10160010
NLA06608-0731,Region_5,56,VII,VII,NATURAL,PLNLOW NATURAL,4,4050001
NLA06608-0733,Region_9,13,III,III,MAN-MADE,WMTNS MAN-MADE,15,15010011
NLA06608-0734,Region_5,50,VIII,VIII,NATURAL,PLNLOW NATURAL,4,4020103
NLA06608-0738,Region_1,58,VIII,VIII,NATURAL,EHIGH NATURAL,1,1070003
NLA06608-0743,Region_5,51,VII,VII,NATURAL,PLNLOW NATURAL,7,7010203
NLA06608-0744,Region_7,28,IV,IVman,MAN-MADE,PLNLOW MAN-MADE,11,11070104
NLA06608-0749,Region_3,45,IX,IX,MAN-MADE,EHIGH MAN-MADE,2,2080105
NLA06608-0751,Region_4,66,XI,XI,MAN-MADE,EHIGH MAN-MADE,6,6020003
NLA06608-0753,Region_2,61,VII,VII,NATURAL,EHIGH NATURAL,5,5010002
NLA06608-0754,Region_1,59,XIV,CPL,NATURAL,EHIGH NATURAL,1,1090003
NLA06608-0755,Region_8,42,V,V,MAN-MADE,PLNLOW MAN-MADE,10,10130105
NLA06608-0756,Region_6,29,IX,IX,MAN-MADE,PLNLOW MAN-MADE,11,11130303
NLA06608-0759,Region_5,47,VI,VI,NATURAL,PLNLOW NATURAL,7,7100003
NLA06608-0761,Region_2,64,IX,IX,MAN-MADE,EHIGH MAN-MADE,2,2030104
NLA06608-0762,Region_8,42,V,V,NATURAL,PLNLOW NATURAL,10,10130101
NLA06608-0764,Region_7,25,V,V,MAN-MADE,PLNLOW MAN-MADE,10,10180014
NLA06608-0765,Region_3,69,XI,XI,MAN-MADE,EHIGH MAN-MADE,5,5010007
NLA06608-0766,Region_8,46,VI,VI,NATURAL,PLNLOW NATURAL,10,10160003
NLA06608-0769,Region_10,15,II,II,NATURAL,WMTNS NATURAL,17,17010303
NLA06608-0770,Region_9,81,III,III,MAN-MADE,WMTNS MAN-MADE,15,15060106
NLA06608-0771,Region_5,50,VIII,VIII,NATURAL,PLNLOW NATURAL,7,7010104
NLA06608-0775,Region_6,27,V,V,MAN-MADE,PLNLOW MAN-MADE,12,12090106
NLA06608-0779,Region_8,46,VI,VI,NATURAL,PLNLOW NATURAL,10,10160011
NLA06608-0781,Region_2,58,VIII,VIII,MAN-MADE,EHIGH MAN-MADE,2,2040105
NLA06608-0782,Region_5,50,VIII,VIII,NATURAL,PLNLOW NATURAL,9,9030001
NLA06608-0783,Region_5,55,VI,VI,MAN-MADE,PLNLOW MAN-MADE,5,5080001
NLA06608-0785,Region_10,10,III,III,MAN-MADE,WMTNS MAN-MADE,17,17020015
NLA06608-0792,Region_6,29,IX,IX,MAN-MADE,PLNLOW MAN-MADE,12,12030103
NLA06608-0793,Region_3,69,XI,XI,MAN-MADE,EHIGH MAN-MADE,5,5050004
NLA06608-0794,Region_8,17,II,II,NATURAL,WMTNS NATURAL,14,14040102
NLA06608-0794,Region_8,17,II,II,NATURAL,WMTNS NATURAL,14,14040102
NLA06608-0797,Region_9,13,III,III,MAN-MADE,WMTNS MAN-MADE,16,16060008
NLA06608-0802,Region_1,58,VIII,VIII,NATURAL,EHIGH NATURAL,1,1080202
NLA06608-0804,Region_4,72,IX,IX,MAN-MADE,PLNLOW MAN-MADE,5,5140205
NLA06608-0805,Region_1,58,VIII,VIII,MAN-MADE,EHIGH MAN-MADE,1,1100005
NLA06608-0806,Region_1,58,VIII,VIII,NATURAL,EHIGH NATURAL,2,2010003
NLA06608-0807,Region_8,46,VI,VI,NATURAL,PLNLOW NATURAL,10,10160010
NLA06608-0808,Region_7,40,IX,IX,MAN-MADE,PLNLOW MAN-MADE,10,10290105
NLA06608-0809,Region_9,23,II,II,MAN-MADE,WMTNS MAN-MADE,15,15020005
NLA06608-0811,Region_5,56,VII,VII,NATURAL,PLNLOW NATURAL,4,4050001
NLA06608-0812,Region_4,74,IX,IX,MAN-MADE,PLNLOW MAN-MADE,8,8060203
NLA06608-0815,Region_4,65,IX,IX,MAN-MADE,PLNLOW MAN-MADE,3,3130007
NLA06608-0820,Region_4,71,IX,IX,MAN-MADE,EHIGH MAN-MADE,5,5130108
NLA06608-0823,Region_5,51,VII,VII,NATURAL,PLNLOW NATURAL,7,7030005
NLA06608-0824,Region_6,28,IV,IVman,MAN-MADE,PLNLOW MAN-MADE,11,11070107
NLA06608-0825,Region_8,13,III,III,MAN-MADE,WMTNS MAN-MADE,16,16030006
NLA06608-0827,Region_8,25,V,V,MAN-MADE,PLNLOW MAN-MADE,10,10190005
NLA06608-0828,Region_4,73,X,CPL,NATURAL,PLNLOW NATURAL,8,8030206
NLA06608-0830,Region_8,42,V,V,NATURAL,PLNLOW NATURAL,10,10160002
NLA06608-0831,Region_4,66,XI,XI,MAN-MADE,EHIGH MAN-MADE,3,3050109
NLA06608-0833,Region_8,41,II,II,NATURAL,WMTNS NATURAL,10,10010001
NLA06608-0834,Region_9,23,II,II,MAN-MADE,WMTNS MAN-MADE,15,15060106
NLA06608-0836,Region_9,22,III,III,MAN-MADE,WMTNS MAN-MADE,15,15020011
NLA06608-0837,Region_10,12,III,III,NATURAL,WMTNS NATURAL,17,17040221
NLA06608-0842,Region_8,17,II,II,NATURAL,WMTNS NATURAL,10,10070006
NLA06608-0843,Region_4,68,XI,XI,MAN-MADE,EHIGH MAN-MADE,3,3160112
NLA06608-0846,Region_5,50,VIII,VIII,MAN-MADE,PLNLOW MAN-MADE,7,7070001
NLA06608-0847,Region_5,55,VI,VI,MAN-MADE,PLNLOW MAN-MADE,4,4100004
NLA06608-0849,Region_10,1,II,II,NATURAL,WMTNS NATURAL,17,17100101
NLA06608-0850,Region_8,19,II,II,MAN-MADE,WMTNS MAN-MADE,16,16020101
NLA06608-0851,Region_8,42,V,V,NATURAL,PLNLOW NATURAL,10,10130106
NLA06608-0856,Region_6,29,IX,IX,MAN-MADE,PLNLOW MAN-MADE,11,11130303
NLA06608-0857,Region_4,45,IX,IX,MAN-MADE,EHIGH MAN-MADE,3,3030002
NLA06608-0859,Region_5,53,VII,VII,NATURAL,PLNLOW NATURAL,7,7120006
NLA06608-0860,Region_7,47,VI,VI,MAN-MADE,PLNLOW MAN-MADE,7,7080208
NLA06608-0860,Region_7,47,VI,VI,MAN-MADE,PLNLOW MAN-MADE,7,7080208
NLA06608-0862,Region_5,50,VIII,VIII,NATURAL,PLNLOW NATURAL,7,7050002
NLA06608-0863,Region_5,70,XI,XI,MAN-MADE,EHIGH MAN-MADE,5,5040001
NLA06608-0864,Region_8,26,IV,IVman,MAN-MADE,PLNLOW MAN-MADE,11,11020009
NLA06608-0865,Region_4,75,XII,CPL,NATURAL,PLNLOW NATURAL,3,3100101
NLA06608-0868,Region_4,72,IX,IX,MAN-MADE,PLNLOW MAN-MADE,5,5140202
NLA06608-0869,Region_3,62,VIII,VIII,MAN-MADE,EHIGH MAN-MADE,2,2040104
NLA06608-0870,Region_10,4,II,II,MAN-MADE,WMTNS MAN-MADE,17,17090004
NLA06608-0871,Region_5,46,VI,VI,NATURAL,PLNLOW NATURAL,7,7020002
NLA06608-0872,Region_7,27,V,V,MAN-MADE,PLNLOW MAN-MADE,11,11030017
NLA06608-0873,Region_9,23,II,II,MAN-MADE,WMTNS MAN-MADE,15,15020008
NLA06608-0874,Region_5,56,VII,VII,NATURAL,PLNLOW NATURAL,4,4060101
NLA06608-0875,Region_5,56,VII,VII,NATURAL,PLNLOW NATURAL,4,4050003
NLA06608-0877,Region_9,81,III,III,MAN-MADE,WMTNS MAN-MADE,15,15030104
NLA06608-0878,Region_5,51,VII,VII,NATURAL,PLNLOW NATURAL,7,7010107
NLA06608-0880,Region_8,25,V,V,MAN-MADE,PLNLOW MAN-MADE,10,10250003
NLA06608-0881,Region_10,11,II,II,MAN-MADE,WMTNS MAN-MADE,17,17050203
NLA06608-0885,Region_9,6,III,III,MAN-MADE,WMTNS MAN-MADE,18,18070203
NLA06608-0889,Region_9,13,III,III,MAN-MADE,WMTNS MAN-MADE,16,16040106
NLA06608-0890,Region_5,50,VIII,VIII,NATURAL,PLNLOW NATURAL,4,4010101
NLA06608-0891,Region_7,25,V,V,MAN-MADE,PLNLOW MAN-MADE,10,10190016
NLA06608-0893,Region_5,70,XI,XI,MAN-MADE,EHIGH MAN-MADE,5,5040001
NLA06608-0895,Region_9,23,II,II,MAN-MADE,WMTNS MAN-MADE,15,15020002
NLA06608-0899,Region_8,42,V,V,NATURAL,PLNLOW NATURAL,10,10130103
NLA06608-0900,Region_5,72,IX,IX,MAN-MADE,PLNLOW MAN-MADE,5,5120115
NLA06608-0904,Region_7,47,VI,VI,NATURAL,PLNLOW NATURAL,10,10230001
NLA06608-0905,Region_9,5,II,II,MAN-MADE,WMTNS MAN-MADE,16,16050101
NLA06608-0906,Region_8,17,II,II,NATURAL,WMTNS NATURAL,17,17040103
NLA06608-0913,Region_1,58,VIII,VIII,NATURAL,EHIGH NATURAL,1,1010002
NLA06608-0914,Region_1,82,VIII,VIII,NATURAL,EHIGH NATURAL,1,1050002
NLA06608-0915,Region_5,51,VII,VII,NATURAL,PLNLOW NATURAL,9,9020301
NLA06608-0916,Region_8,21,II,II,MAN-MADE,WMTNS MAN-MADE,11,11020002
NLA06608-0918,Region_1,58,VIII,VIII,NATURAL,EHIGH NATURAL,1,1030001
NLA06608-0921,Region_4,45,IX,IX,MAN-MADE,EHIGH MAN-MADE,3,3020201
NLA06608-0922,Region_8,43,IV,IVman,MAN-MADE,PLNLOW MAN-MADE,10,10090206
NLA06608-0924,Region_7,44,IV,IVnat,NATURAL,PLNLOW NATURAL,10,10150004
NLA06608-0925,Region_9,14,III,III,MAN-MADE,WMTNS MAN-MADE,15,15010015
NLA06608-0926,Region_5,50,VIII,VIII,NATURAL,PLNLOW NATURAL,7,7030002
NLA06608-0927,Region_8,20,III,III,NATURAL,WMTNS NATURAL,14,14060002
NLA06608-0929,Region_8,17,II,II,MAN-MADE,WMTNS MAN-MADE,17,17010202
NLA06608-0930,Region_1,58,VIII,VIII,NATURAL,EHIGH NATURAL,1,1070002
NLA06608-0933,Region_10,11,II,II,MAN-MADE,WMTNS MAN-MADE,17,17050116
NLA06608-0934,Region_10,4,II,II,NATURAL,WMTNS NATURAL,17,17090001
NLA06608-0935,Region_5,51,VII,VII,NATURAL,PLNLOW NATURAL,7,7020012
NLA06608-0938,Region_5,56,VII,VII,NATURAL,PLNLOW NATURAL,4,4060102
NLA06608-0940,Region_7,25,V,V,MAN-MADE,PLNLOW MAN-MADE,10,10180009
NLA06608-0942,Region_5,50,VIII,VIII,NATURAL,PLNLOW NATURAL,7,7010102
NLA06608-0943,Region_4,66,XI,XI,MAN-MADE,EHIGH MAN-MADE,6,6020003
NLA06608-0944,Region_8,42,V,V,MAN-MADE,PLNLOW MAN-MADE,10,10050004
NLA06608-0946,Region_1,59,XIV,CPL,MAN-MADE,EHIGH MAN-MADE,1,1100002
NLA06608-0950,Region_8,18,III,III,MAN-MADE,WMTNS MAN-MADE,10,10080001
NLA06608-0955,Region_8,21,II,II,MAN-MADE,WMTNS MAN-MADE,10,10190009
NLA06608-0957,Region_3,70,XI,XI,MAN-MADE,EHIGH MAN-MADE,5,5020002
NLA06608-0958,Region_5,50,VIII,VIII,NATURAL,PLNLOW NATURAL,7,7010103
NLA06608-0961,Region_10,15,II,II,NATURAL,WMTNS NATURAL,17,17010303
NLA06608-0962,Region_8,19,II,II,MAN-MADE,WMTNS MAN-MADE,16,16010203
NLA06608-0967,Region_8,42,V,V,MAN-MADE,PLNLOW MAN-MADE,10,10140101
NLA06608-0968,Region_7,47,VI,VI,NATURAL,PLNLOW NATURAL,7,7100006
NLA06608-0970,Region_8,17,II,II,NATURAL,WMTNS NATURAL,14,14040102
NLA06608-0971,Region_5,55,VI,VI,MAN-MADE,PLNLOW MAN-MADE,5,5120201
NLA06608-0972,Region_6,27,V,V,MAN-MADE,PLNLOW MAN-MADE,11,11100301
NLA06608-0974,Region_5,50,VIII,VIII,NATURAL,PLNLOW NATURAL,4,4030107
NLA06608-0979,Region_8,17,II,II,MAN-MADE,WMTNS MAN-MADE,10,10120109
NLA06608-0980,Region_5,72,IX,IX,MAN-MADE,PLNLOW MAN-MADE,5,5140203
NLA06608-0982,Region_1,58,VIII,VIII,NATURAL,EHIGH NATURAL,1,1080101
NLA06608-0984,Region_6,35,IX,IX,MAN-MADE,PLNLOW MAN-MADE,11,11140106
NLA06608-0986,Region_4,65,IX,IX,MAN-MADE,PLNLOW MAN-MADE,3,3170007
NLA06608-0987,Region_5,56,VII,VII,NATURAL,PLNLOW NATURAL,4,4050001
NLA06608-0989,Region_3,45,IX,IX,MAN-MADE,EHIGH MAN-MADE,3,3010201
NLA06608-0990,Region_5,50,VIII,VIII,NATURAL,PLNLOW NATURAL,7,7010104
NLA06608-0993,Region_2,58,VIII,VIII,NATURAL,EHIGH NATURAL,4,4150305
NLA06608-0994,Region_1,58,VIII,VIII,NATURAL,EHIGH NATURAL,1,1070003
NLA06608-0996,Region_6,26,IV,IVman,MAN-MADE,PLNLOW MAN-MADE,11,11080002
NLA06608-0997,Region_1,83,VII,VII,NATURAL,EHIGH NATURAL,2,2010001
NLA06608-1001,Region_4,65,IX,IX,MAN-MADE,PLNLOW MAN-MADE,3,3050104
NLA06608-1002,Region_8,43,IV,IVman,MAN-MADE,PLNLOW MAN-MADE,10,10040101
NLA06608-1003,Region_5,56,VII,VII,NATURAL,PLNLOW NATURAL,4,4050001
NLA06608-1005,Region_3,45,IX,IX,MAN-MADE,EHIGH MAN-MADE,2,2080106
NLA06608-1006,Region_8,42,V,V,NATURAL,PLNLOW NATURAL,10,10130103
NLA06608-1007,Region_5,55,VI,VI,MAN-MADE,PLNLOW MAN-MADE,5,5090201
NLA06608-1008,Region_8,42,V,V,MAN-MADE,PLNLOW MAN-MADE,10,10030205
NLA06608-1010,Region_1,59,XIV,CPL,MAN-MADE,EHIGH MAN-MADE,1,1100005
NLA06608-1012,Region_7,40,IX,IX,MAN-MADE,PLNLOW MAN-MADE,10,10280102
NLA06608-1014,Region_5,56,VII,VII,NATURAL,PLNLOW NATURAL,4,4080203
NLA06608-1015,Region_7,47,VI,VI,NATURAL,PLNLOW NATURAL,7,7100002
NLA06608-1016,Region_6,29,IX,IX,MAN-MADE,PLNLOW MAN-MADE,11,11100303
NLA06608-1018,Region_5,50,VIII,VIII,NATURAL,PLNLOW NATURAL,4,4010101
NLA06608-1022,Region_8,42,V,V,NATURAL,PLNLOW NATURAL,10,10160002
NLA06608-1024,Region_8,46,VI,VI,NATURAL,PLNLOW NATURAL,9,9010004
NLA06608-1034,Region_5,56,VII,VII,NATURAL,PLNLOW NATURAL,4,4090003
NLA06608-1035,Region_7,47,VI,VI,NATURAL,PLNLOW NATURAL,7,7100002
NLA06608-1036,Region_7,40,IX,IX,NATURAL,PLNLOW NATURAL,10,10270104
NLA06608-1037,Region_2,84,XIV,CPL,MAN-MADE,PLNLOW MAN-MADE,2,2030104
NLA06608-1038,Region_5,50,VIII,VIII,NATURAL,PLNLOW NATURAL,9,9030001
NLA06608-1039,Region_4,45,IX,IX,MAN-MADE,EHIGH MAN-MADE,3,3130005
NLA06608-1041,Region_10,10,III,III,NATURAL,WMTNS NATURAL,17,17020012
NLA06608-1044,Region_4,65,IX,IX,MAN-MADE,PLNLOW MAN-MADE,6,6040001
NLA06608-1045,Region_2,83,VII,VII,NATURAL,EHIGH NATURAL,4,4140201
NLA06608-1047,Region_6,35,IX,IX,MAN-MADE,PLNLOW MAN-MADE,12,12020005
NLA06608-1052,Region_7,27,V,V,MAN-MADE,PLNLOW MAN-MADE,10,10260012
NLA06608-1055,Region_5,70,XI,XI,MAN-MADE,EHIGH MAN-MADE,5,5040005
NLA06608-1056,Region_7,39,XI,XI,MAN-MADE,EHIGH MAN-MADE,7,7140103
NLA06608-1057,Region_10,77,II,II,NATURAL,WMTNS NATURAL,17,17030001
NLA06608-1058,Region_10,4,II,II,NATURAL,WMTNS NATURAL,18,18010203
NLA06608-1059,Region_5,53,VII,VII,NATURAL,PLNLOW NATURAL,4,4030204
NLA06608-1060,Region_5,72,IX,IX,MAN-MADE,PLNLOW MAN-MADE,5,5140204
NLA06608-1060,Region_5,72,IX,IX,MAN-MADE,PLNLOW MAN-MADE,5,5140204
NLA06608-1070,Region_8,46,VI,VI,NATURAL,PLNLOW NATURAL,9,9020105
NLA06608-1073,Region_10,11,II,II,NATURAL,WMTNS NATURAL,17,17060105
NLA06608-1075,Region_5,51,VII,VII,NATURAL,PLNLOW NATURAL,7,7070002
NLA06608-1083,Region_8,25,V,V,MAN-MADE,PLNLOW MAN-MADE,10,10190003
NLA06608-1086,Region_8,42,V,V,NATURAL,PLNLOW NATURAL,10,10160001
NLA06608-1087,Region_4,45,IX,IX,MAN-MADE,EHIGH MAN-MADE,3,3050107
NLA06608-1089,Region_8,15,II,II,NATURAL,WMTNS NATURAL,17,17010208
NLA06608-1091,Region_8,42,V,V,NATURAL,PLNLOW NATURAL,10,10130103
NLA06608-1096,Region_7,42,V,V,MAN-MADE,PLNLOW MAN-MADE,10,10150007
NLA06608-1100,Region_7,40,IX,IX,MAN-MADE,PLNLOW MAN-MADE,10,10270104
NLA06608-1101,Region_2,58,VIII,VIII,MAN-MADE,EHIGH MAN-MADE,2,2020007
NLA06608-1102,Region_5,50,VIII,VIII,NATURAL,PLNLOW NATURAL,9,9030001
NLA06608-1103,Region_5,55,VI,VI,MAN-MADE,PLNLOW MAN-MADE,5,5060001
NLA06608-1107,Region_8,42,V,V,NATURAL,PLNLOW NATURAL,10,10130106
NLA06608-1108,Region_5,54,VI,VI,MAN-MADE,PLNLOW MAN-MADE,5,5120114
NLA06608-1108,Region_5,54,VI,VI,MAN-MADE,PLNLOW MAN-MADE,5,5120114
NLA06608-1111,Region_5,46,VI,VI,NATURAL,PLNLOW NATURAL,7,7020004
NLA06608-1113,Region_4,45,IX,IX,MAN-MADE,EHIGH MAN-MADE,3,3050101
NLA06608-1114,Region_4,75,XII,CPL,NATURAL,PLNLOW NATURAL,3,3170006
NLA06608-1115,Region_5,54,VI,VI,MAN-MADE,PLNLOW MAN-MADE,4,4040001
NLA06608-1119,Region_8,19,II,II,MAN-MADE,WMTNS MAN-MADE,14,14060002
NLA06608-1120,Region_7,39,XI,XI,MAN-MADE,EHIGH MAN-MADE,11,11010007
NLA06608-1122,Region_1,59,XIV,CPL,MAN-MADE,EHIGH MAN-MADE,1,1090003
NLA06608-1124,Region_6,26,IV,IVman,MAN-MADE,PLNLOW MAN-MADE,11,11080001
NLA06608-1125,Region_1,58,VIII,VIII,NATURAL,EHIGH NATURAL,1,1100005
NLA06608-1129,Region_9,23,II,II,MAN-MADE,WMTNS MAN-MADE,15,15020008
NLA06608-1130,Region_5,56,VII,VII,NATURAL,PLNLOW NATURAL,4,4050007
NLA06608-1131,Region_5,56,VII,VII,NATURAL,PLNLOW NATURAL,4,4050001
NLA06608-1134,Region_5,50,VIII,VIII,NATURAL,PLNLOW NATURAL,9,9020103
NLA06608-1141,Region_9,14,III,III,MAN-MADE,WMTNS MAN-MADE,18,18090206
NLA06608-1143,Region_5,50,VIII,VIII,NATURAL,PLNLOW NATURAL,7,7030001
NLA06608-1145,Region_3,64,IX,IX,MAN-MADE,EHIGH MAN-MADE,2,2040205
NLA06608-1147,Region_8,25,V,V,MAN-MADE,PLNLOW MAN-MADE,10,10190007
NLA06608-1148,Region_7,44,IV,IVnat,NATURAL,PLNLOW NATURAL,10,10210001
NLA06608-1150,Region_5,50,VIII,VIII,NATURAL,PLNLOW NATURAL,9,9030001
NLA06608-1151,Region_9,23,II,II,MAN-MADE,WMTNS MAN-MADE,15,15020001
NLA06608-1153,Region_8,41,II,II,NATURAL,WMTNS NATURAL,17,17010207
NLA06608-1155,Region_8,42,V,V,NATURAL,PLNLOW NATURAL,10,10130103
NLA06608-1162,Region_5,50,VIII,VIII,NATURAL,PLNLOW NATURAL,4,4070007
NLA06608-1163,Region_5,56,VII,VII,NATURAL,PLNLOW NATURAL,5,5120106
NLA06608-1164,Region_6,29,IX,IX,MAN-MADE,PLNLOW MAN-MADE,11,11100302
NLA06608-1166,Region_5,50,VIII,VIII,NATURAL,PLNLOW NATURAL,7,7050002
NLA06608-1167,Region_5,56,VII,VII,NATURAL,PLNLOW NATURAL,4,4100002
NLA06608-1170,Region_8,19,II,II,MAN-MADE,WMTNS MAN-MADE,16,16020101
NLA06608-1172,Region_5,71,IX,IX,MAN-MADE,EHIGH MAN-MADE,5,5120202
NLA06608-1174,Region_1,58,VIII,VIII,NATURAL,EHIGH NATURAL,1,1030002
NLA06608-1175,Region_5,51,VII,VII,NATURAL,PLNLOW NATURAL,7,7010204
NLA06608-1177,Region_4,65,IX,IX,MAN-MADE,PLNLOW MAN-MADE,3,3030004
NLA06608-1179,Region_5,54,VI,VI,MAN-MADE,PLNLOW MAN-MADE,7,7120006
NLA06608-1181,Region_4,45,IX,IX,MAN-MADE,EHIGH MAN-MADE,3,3020201
NLA06608-1183,Region_8,19,II,II,NATURAL,WMTNS NATURAL,14,14060003
NLA06608-1185,Region_4,75,XII,CPL,NATURAL,PLNLOW NATURAL,3,3100207
NLA06608-1189,Region_2,62,VIII,VIII,NATURAL,EHIGH NATURAL,2,2040104
NLA06608-1190,Region_10,3,I,II,MAN-MADE,WMTNS MAN-MADE,17,17090003
NLA06608-1191,Region_6,32,V,V,MAN-MADE,PLNLOW MAN-MADE,12,12100203
NLA06608-1195,Region_5,54,VI,VI,NATURAL,PLNLOW NATURAL,7,7120001
NLA06608-1198,Region_5,51,VII,VII,NATURAL,PLNLOW NATURAL,9,9020103
NLA06608-1199,Region_5,55,VI,VI,MAN-MADE,PLNLOW MAN-MADE,5,5080003
NLA06608-1204,Region_6,36,XI,XI,MAN-MADE,EHIGH MAN-MADE,8,8040101
NLA06608-1206,Region_5,50,VIII,VIII,NATURAL,PLNLOW NATURAL,4,4030111
NLA06608-1207,Region_5,51,VII,VII,NATURAL,PLNLOW NATURAL,7,7030005
NLA06608-1208,Region_7,27,V,V,MAN-MADE,PLNLOW MAN-MADE,10,10260008
NLA06608-1208,Region_7,27,V,V,MAN-MADE,PLNLOW MAN-MADE,10,10260008
NLA06608-1209,Region_3,62,VIII,VIII,MAN-MADE,EHIGH MAN-MADE,2,2040106
NLA06608-1210,Region_8,42,V,V,NATURAL,PLNLOW NATURAL,10,10110101
NLA06608-1217,Region_10,15,II,II,MAN-MADE,WMTNS MAN-MADE,17,17010216
NLA06608-1219,Region_8,42,V,V,MAN-MADE,PLNLOW MAN-MADE,10,10130103
NLA06608-1220,Region_4,65,IX,IX,MAN-MADE,PLNLOW MAN-MADE,6,6040001
NLA06608-1222,Region_1,84,XIV,CPL,NATURAL,PLNLOW NATURAL,1,1090002
NLA06608-1223,Region_7,47,VI,VI,NATURAL,PLNLOW NATURAL,7,7080203
NLA06608-1224,Region_6,32,V,V,MAN-MADE,PLNLOW MAN-MADE,12,12010001
NLA06608-1227,Region_5,55,VI,VI,MAN-MADE,PLNLOW MAN-MADE,5,5120107
NLA06608-1232,Region_7,72,IX,IX,MAN-MADE,PLNLOW MAN-MADE,7,7110004
NLA06608-1236,Region_6,22,III,III,MAN-MADE,WMTNS MAN-MADE,13,13060001
NLA06608-1238,Region_1,58,VIII,VIII,NATURAL,EHIGH NATURAL,1,1060001
NLA06608-1239,Region_5,51,VII,VII,NATURAL,PLNLOW NATURAL,7,7010204
NLA06608-1240,Region_6,29,IX,IX,MAN-MADE,PLNLOW MAN-MADE,11,11140104
NLA06608-1241,Region_4,45,IX,IX,MAN-MADE,EHIGH MAN-MADE,3,3030002
NLA06608-1242,Region_5,53,VII,VII,NATURAL,PLNLOW NATURAL,4,4030101
NLA06608-1243,Region_5,56,VII,VII,NATURAL,PLNLOW NATURAL,4,4050001
NLA06608-1244,Region_7,44,IV,IVnat,NATURAL,PLNLOW NATURAL,10,10150004
NLA06608-1245,Region_4,63,XIV,CPL,NATURAL,PLNLOW NATURAL,3,3020106
NLA06608-1255,Region_8,46,VI,VI,NATURAL,PLNLOW NATURAL,10,10160008
NLA06608-1256,Region_7,28,IV,IVman,MAN-MADE,PLNLOW MAN-MADE,11,11070101
NLA06608-1258,Region_5,56,VII,VII,NATURAL,PLNLOW NATURAL,4,4050006
NLA06608-1259,Region_8,21,II,II,NATURAL,WMTNS NATURAL,10,10180010
NLA06608-1261,Region_9,13,III,III,MAN-MADE,WMTNS MAN-MADE,15,15010011
NLA06608-1262,Region_5,50,VIII,VIII,NATURAL,PLNLOW NATURAL,7,7010106
NLA06608-1263,Region_4,71,IX,IX,MAN-MADE,EHIGH MAN-MADE,5,5100205
NLA06608-1266,Region_10,80,III,III,MAN-MADE,WMTNS MAN-MADE,17,17120007
NLA06608-1268,Region_7,47,VI,VI,MAN-MADE,PLNLOW MAN-MADE,7,7080106
NLA06608-1269,Region_9,7,I,III,MAN-MADE,WMTNS MAN-MADE,18,18020109
NLA06608-1270,Region_8,18,III,III,MAN-MADE,WMTNS MAN-MADE,10,10080001
NLA06608-1271,Region_7,47,VI,VI,NATURAL,PLNLOW NATURAL,10,10230003
NLA06608-1273,Region_2,64,IX,IX,MAN-MADE,EHIGH MAN-MADE,2,2030103
NLA06608-1274,Region_5,50,VIII,VIII,NATURAL,PLNLOW NATURAL,4,4010101
NLA06608-1278,Region_8,46,VI,VI,NATURAL,PLNLOW NATURAL,9,9020201
NLA06608-1279,Region_6,21,II,II,MAN-MADE,WMTNS MAN-MADE,13,13020202
NLA06608-1281,Region_10,15,II,II,NATURAL,WMTNS NATURAL,17,17010213
NLA06608-1283,Region_5,51,VII,VII,NATURAL,PLNLOW NATURAL,7,7030004
NLA06608-1284,Region_8,21,II,II,MAN-MADE,WMTNS MAN-MADE,14,14080101
NLA06608-1288,Region_6,35,IX,IX,MAN-MADE,PLNLOW MAN-MADE,11,11140109
NLA06608-1292,Region_7,40,IX,IX,MAN-MADE,PLNLOW MAN-MADE,10,10270102
NLA06608-1295,Region_6,24,III,III,MAN-MADE,WMTNS MAN-MADE,13,13030101
NLA06608-1297,Region_10,10,III,III,NATURAL,WMTNS NATURAL,17,17020016
NLA06608-1300,Region_6,26,IV,IVman,MAN-MADE,PLNLOW MAN-MADE,11,11080003
NLA06608-1303,Region_5,51,VII,VII,NATURAL,PLNLOW NATURAL,7,7040002
NLA06608-1312,Region_7,39,XI,XI,MAN-MADE,EHIGH MAN-MADE,7,7140102
NLA06608-1316,Region_4,71,IX,IX,MAN-MADE,EHIGH MAN-MADE,5,5130205
NLA06608-1319,Region_8,46,VI,VI,NATURAL,PLNLOW NATURAL,10,10160010
NLA06608-1321,Region_8,19,II,II,MAN-MADE,WMTNS MAN-MADE,14,14060009
NLA06608-1323,Region_4,45,IX,IX,MAN-MADE,EHIGH MAN-MADE,3,3150107
NLA06608-1326,Region_5,51,VII,VII,NATURAL,PLNLOW NATURAL,9,9020103
NLA06608-1329,Region_10,16,II,II,MAN-MADE,WMTNS MAN-MADE,17,17060210
NLA06608-1332,Region_4,72,IX,IX,MAN-MADE,PLNLOW MAN-MADE,5,5110006
NLA06608-1333,Region_2,58,VIII,VIII,MAN-MADE,EHIGH MAN-MADE,2,2010001
NLA06608-1334,Region_5,50,VIII,VIII,NATURAL,PLNLOW NATURAL,4,4070004
NLA06608-1334,Region_5,50,VIII,VIII,NATURAL,PLNLOW NATURAL,4,4070004
NLA06608-1336,Region_6,27,V,V,MAN-MADE,PLNLOW MAN-MADE,11,11060006
NLA06608-1338,Region_8,43,IV,IVnat,NATURAL,PLNLOW NATURAL,10,10070004
NLA06608-1339,Region_8,25,V,V,MAN-MADE,PLNLOW MAN-MADE,10,10190005
NLA06608-1342,Region_5,50,VIII,VIII,NATURAL,PLNLOW NATURAL,9,9030001
NLA06608-1344,Region_8,42,V,V,NATURAL,PLNLOW NATURAL,10,10030201
NLA06608-1346,Region_3,67,XI,XI,MAN-MADE,EHIGH MAN-MADE,5,5020006
NLA06608-1347,Region_5,50,VIII,VIII,NATURAL,PLNLOW NATURAL,4,4010202
NLA06608-1348,Region_3,67,XI,XI,MAN-MADE,EHIGH MAN-MADE,6,6010102
NLA06608-1349,Region_4,75,XII,CPL,NATURAL,PLNLOW NATURAL,3,3080101
NLA06608-1354,Region_8,43,IV,IVman,MAN-MADE,PLNLOW MAN-MADE,10,10080014
NLA06608-1355,Region_5,56,VII,VII,NATURAL,PLNLOW NATURAL,5,5120106
NLA06608-1355,Region_5,56,VII,VII,NATURAL,PLNLOW NATURAL,5,5120106
NLA06608-1356,Region_6,38,XI,XI,MAN-MADE,EHIGH MAN-MADE,11,11110104
NLA06608-1358,Region_5,50,VIII,VIII,NATURAL,PLNLOW NATURAL,4,4020102
NLA06608-1358,Region_5,50,VIII,VIII,NATURAL,PLNLOW NATURAL,4,4020102
NLA06608-1359,Region_5,55,VI,VI,NATURAL,PLNLOW NATURAL,5,5080001
NLA06608-1360,Region_7,25,V,V,MAN-MADE,PLNLOW MAN-MADE,10,10250005
NLA06608-1364,Region_4,71,IX,IX,MAN-MADE,EHIGH MAN-MADE,6,6040002
NLA06608-1365,Region_2,83,VII,VII,MAN-MADE,EHIGH MAN-MADE,4,4140202
NLA06608-1367,Region_8,46,VI,VI,NATURAL,PLNLOW NATURAL,7,7020003
NLA06608-1368,Region_6,29,IX,IX,MAN-MADE,PLNLOW MAN-MADE,11,11130210
NLA06608-1369,Region_4,45,IX,IX,MAN-MADE,EHIGH MAN-MADE,3,3030002
NLA06608-1370,Region_5,56,VII,VII,NATURAL,PLNLOW NATURAL,4,4060101
NLA06608-1372,Region_6,27,V,V,MAN-MADE,PLNLOW MAN-MADE,11,11130302
NLA06608-1375,Region_5,55,VI,VI,MAN-MADE,PLNLOW MAN-MADE,5,5060001
NLA06608-1376,Region_7,39,XI,XI,MAN-MADE,EHIGH MAN-MADE,7,7140104
NLA06608-1377,Region_8,16,II,II,NATURAL,WMTNS NATURAL,10,10020004
NLA06608-1380,Region_6,26,IV,IVman,MAN-MADE,PLNLOW MAN-MADE,11,11080001
NLA06608-1383,Region_5,51,VII,VII,NATURAL,PLNLOW NATURAL,7,7020005
NLA06608-1387,Region_5,56,VII,VII,NATURAL,PLNLOW NATURAL,4,4050003
NLA06608-1389,Region_3,63,XIV,CPL,NATURAL,PLNLOW NATURAL,2,2060007
NLA06608-1389,Region_3,63,XIV,CPL,NATURAL,PLNLOW NATURAL,2,2060007
NLA06608-1390,Region_5,51,VII,VII,NATURAL,PLNLOW NATURAL,7,7010108
NLA06608-1391,Region_5,61,VII,VII,NATURAL,EHIGH NATURAL,4,4110002
NLA06608-1396,Region_4,71,IX,IX,MAN-MADE,EHIGH MAN-MADE,5,5130204
NLA06608-1397,Region_9,8,II,II,MAN-MADE,WMTNS MAN-MADE,18,18070303
NLA06608-1398,Region_5,50,VIII,VIII,NATURAL,PLNLOW NATURAL,4,4020201
NLA06608-1401,Region_3,67,XI,XI,MAN-MADE,EHIGH MAN-MADE,2,2050301
NLA06608-1403,Region_8,25,V,V,MAN-MADE,PLNLOW MAN-MADE,10,10190006
NLA06608-1413,Region_4,75,XII,CPL,NATURAL,PLNLOW NATURAL,3,3080102
NLA06608-1414,Region_1,59,XIV,CPL,MAN-MADE,EHIGH MAN-MADE,1,1100002
NLA06608-1417,Region_9,7,I,III,MAN-MADE,WMTNS MAN-MADE,18,18040005
NLA06608-1420,Region_6,29,IX,IX,MAN-MADE,PLNLOW MAN-MADE,11,11100302
NLA06608-1421,Region_3,63,XIV,CPL,MAN-MADE,PLNLOW MAN-MADE,2,2040205
NLA06608-1425,Region_10,2,II,II,NATURAL,WMTNS NATURAL,17,17110019
NLA06608-1426,Region_10,1,II,II,NATURAL,WMTNS NATURAL,17,17100304
NLA06608-1432,Region_6,29,IX,IX,MAN-MADE,PLNLOW MAN-MADE,11,11130304
NLA06608-1434,Region_5,50,VIII,VIII,NATURAL,PLNLOW NATURAL,4,4060105
NLA06608-1435,Region_5,54,VI,VI,NATURAL,PLNLOW NATURAL,7,7120006
NLA06608-1436,Region_6,27,V,V,MAN-MADE,PLNLOW MAN-MADE,12,12090108
NLA06608-1439,Region_8,20,III,III,MAN-MADE,WMTNS MAN-MADE,14,14060003
NLA06608-1445,Region_10,80,III,III,MAN-MADE,WMTNS MAN-MADE,17,17120003
NLA06608-1446,Region_10,4,II,II,NATURAL,WMTNS NATURAL,17,17090001
NLA06608-1447,Region_5,51,VII,VII,NATURAL,PLNLOW NATURAL,7,7010206
NLA06608-1450,Region_5,56,VII,VII,NATURAL,PLNLOW NATURAL,4,4060102
NLA06608-1454,Region_5,46,VI,VI,NATURAL,PLNLOW NATURAL,7,7020005
NLA06608-1455,Region_8,21,II,II,MAN-MADE,WMTNS MAN-MADE,14,14020005
NLA06608-1460,Region_7,40,IX,IX,MAN-MADE,PLNLOW MAN-MADE,10,10280201
NLA06608-1461,Region_9,13,III,III,MAN-MADE,WMTNS MAN-MADE,18,18090102
NLA06608-1462,Region_8,43,IV,IVman,MAN-MADE,PLNLOW MAN-MADE,10,10100001
NLA06608-1465,Region_3,67,XI,XI,MAN-MADE,EHIGH MAN-MADE,2,2040106
NLA06608-1469,Region_4,65,IX,IX,NATURAL,PLNLOW NATURAL,3,3060106
NLA06608-1473,Region_10,15,II,II,MAN-MADE,WMTNS MAN-MADE,17,17010305
NLA06608-1476,Region_8,25,V,V,MAN-MADE,PLNLOW MAN-MADE,10,10190002
NLA06608-1481,Region_9,5,II,II,NATURAL,WMTNS NATURAL,18,18080003
NLA06608-1482,Region_4,65,IX,IX,MAN-MADE,PLNLOW MAN-MADE,3,3110203
NLA06608-1483,Region_8,21,II,II,MAN-MADE,WMTNS MAN-MADE,14,14010001
NLA06608-1484,Region_6,37,IX,IX,MAN-MADE,EHIGH MAN-MADE,11,11110202
NLA06608-1487,Region_5,56,VII,VII,MAN-MADE,PLNLOW MAN-MADE,4,4090005
NLA06608-1488,Region_6,27,V,V,MAN-MADE,PLNLOW MAN-MADE,11,11120202
NLA06608-1489,Region_10,2,II,II,NATURAL,WMTNS NATURAL,17,17110015
NLA06608-1492,Region_5,55,VI,VI,MAN-MADE,PLNLOW MAN-MADE,5,5090203
NLA06608-1496,Region_6,29,IX,IX,MAN-MADE,PLNLOW MAN-MADE,12,12030103
NLA06608-1499,Region_5,56,VII,VII,NATURAL,PLNLOW NATURAL,5,5120104
NLA06608-1504,Region_7,39,XI,XI,MAN-MADE,EHIGH MAN-MADE,8,8020202
NLA06608-1508,Region_6,26,IV,IVman,MAN-MADE,PLNLOW MAN-MADE,11,11090104
NLA06608-1510,Region_8,42,V,V,MAN-MADE,PLNLOW MAN-MADE,10,10060002
NLA06608-1511,Region_8,46,VI,VI,MAN-MADE,PLNLOW MAN-MADE,10,10160003
NLA06608-1515,Region_5,56,VII,VII,NATURAL,PLNLOW NATURAL,4,4050002
NLA06608-1517,Region_3,45,IX,IX,MAN-MADE,EHIGH MAN-MADE,2,2070011
NLA06608-1521,Region_10,13,III,III,MAN-MADE,WMTNS MAN-MADE,16,16010202
NLA06608-1524,Region_6,27,V,V,MAN-MADE,PLNLOW MAN-MADE,11,11130202
NLA06608-1527,Region_7,47,VI,VI,NATURAL,PLNLOW NATURAL,7,7100002
NLA06608-1529,Region_9,13,III,III,MAN-MADE,WMTNS MAN-MADE,16,16040108
NLA06608-1532,Region_5,54,VI,VI,MAN-MADE,PLNLOW MAN-MADE,7,7080104
NLA06608-1537,Region_10,15,II,II,NATURAL,WMTNS NATURAL,17,17010214
NLA06608-1538,Region_3,67,XI,XI,MAN-MADE,EHIGH MAN-MADE,2,2070002
NLA06608-1544,Region_7,47,VI,VI,NATURAL,PLNLOW NATURAL,7,7080105
NLA06608-1556,Region_5,72,IX,IX,NATURAL,PLNLOW NATURAL,5,5120202
NLA06608-1558,Region_1,82,VIII,VIII,NATURAL,EHIGH NATURAL,1,1050002
NLA06608-1560,Region_6,35,IX,IX,MAN-MADE,PLNLOW MAN-MADE,11,11140305
NLA06608-1561,Region_3,69,XI,XI,MAN-MADE,EHIGH MAN-MADE,5,5050004
NLA06608-1562,Region_8,18,III,III,MAN-MADE,WMTNS MAN-MADE,14,14040101
NLA06608-1564,Region_6,27,V,V,MAN-MADE,PLNLOW MAN-MADE,11,11120303
NLA06608-1568,Region_6,27,V,V,MAN-MADE,PLNLOW MAN-MADE,11,11100203
NLA06608-1569,Region_4,75,XII,CPL,NATURAL,PLNLOW NATURAL,3,3090101
NLA06608-1572,Region_4,72,IX,IX,MAN-MADE,PLNLOW MAN-MADE,5,5140205
NLA06608-1575,Region_8,46,VI,VI,NATURAL,PLNLOW NATURAL,10,10160010
NLA06608-1576,Region_7,40,IX,IX,MAN-MADE,PLNLOW MAN-MADE,10,10290108
NLA06608-1577,Region_9,23,II,II,MAN-MADE,WMTNS MAN-MADE,15,15020005
NLA06608-1578,Region_8,43,IV,IVman,MAN-MADE,PLNLOW MAN-MADE,10,10110201
NLA06608-1579,Region_5,56,VII,VII,NATURAL,PLNLOW NATURAL,4,4050001
NLA06608-1586,Region_1,59,XIV,CPL,NATURAL,EHIGH NATURAL,1,1090004
NLA06608-1593,Region_9,23,II,II,MAN-MADE,WMTNS MAN-MADE,15,15060202
NLA06608-1595,Region_8,25,V,V,MAN-MADE,PLNLOW MAN-MADE,10,10190005
NLA06608-1596,Region_7,44,IV,IVnat,NATURAL,PLNLOW NATURAL,10,10180009
NLA06608-1600,Region_8,42,V,V,MAN-MADE,PLNLOW MAN-MADE,10,10050009
NLA06608-1602,Region_9,23,II,II,MAN-MADE,WMTNS MAN-MADE,15,15060106
NLA06608-1608,Region_6,35,IX,IX,MAN-MADE,PLNLOW MAN-MADE,11,11140203
NLA06608-1610,Region_8,17,II,II,NATURAL,WMTNS NATURAL,10,10070005
NLA06608-1617,Region_10,2,II,II,NATURAL,WMTNS NATURAL,17,17110019
NLA06608-1623,Region_6,33,IX,IX,MAN-MADE,PLNLOW MAN-MADE,12,12070102
NLA06608-1626,Region_5,56,VII,VII,NATURAL,PLNLOW NATURAL,4,4060101
NLA06608-1630,Region_6,31,IV,IVman,MAN-MADE,PLNLOW MAN-MADE,12,12110104
NLA06608-1631,Region_8,20,III,III,MAN-MADE,WMTNS MAN-MADE,14,14040106
NLA06608-1633,Region_8,17,II,II,MAN-MADE,WMTNS MAN-MADE,10,10020001
NLA06608-1637,Region_3,60,VII,VII,NATURAL,EHIGH NATURAL,2,2040101
NLA06608-1638,Region_10,4,II,II,NATURAL,WMTNS NATURAL,17,17090004
NLA06608-1640,Region_7,39,XI,XI,MAN-MADE,EHIGH MAN-MADE,10,10290111
NLA06608-1641,Region_9,23,II,II,NATURAL,WMTNS NATURAL,15,15020015
NLA06608-1643,Region_5,56,VII,VII,NATURAL,PLNLOW NATURAL,4,4050003
NLA06608-1652,Region_4,71,IX,IX,MAN-MADE,EHIGH MAN-MADE,5,5130205
NLA06608-1654,Region_5,50,VIII,VIII,MAN-MADE,PLNLOW MAN-MADE,4,4020105
NLA06608-1655,Region_8,42,V,V,MAN-MADE,PLNLOW MAN-MADE,10,10160008
NLA06608-1668,Region_4,67,XI,XI,MAN-MADE,EHIGH MAN-MADE,6,6010108
NLA06608-1672,Region_6,32,V,V,MAN-MADE,PLNLOW MAN-MADE,12,12030106
NLA06608-1674,Region_8,17,II,II,NATURAL,WMTNS NATURAL,10,10020007
NLA06608-1675,Region_8,21,II,II,MAN-MADE,WMTNS MAN-MADE,10,10180001
NLA06608-1679,Region_5,56,VII,VII,NATURAL,PLNLOW NATURAL,4,4050004
NLA06608-1684,Region_5,55,VI,VI,MAN-MADE,PLNLOW MAN-MADE,5,5120203
NLA06608-1684,Region_5,55,VI,VI,MAN-MADE,PLNLOW MAN-MADE,5,5120203
NLA06608-1687,Region_8,46,VI,VI,NATURAL,PLNLOW NATURAL,10,10170202
NLA06608-1690,Region_5,51,VII,VII,NATURAL,PLNLOW NATURAL,4,4060104
NLA06608-1695,Region_8,19,II,II,NATURAL,WMTNS NATURAL,14,14040106
NLA06608-1703,Region_8,46,VI,VI,NATURAL,PLNLOW NATURAL,10,10160006
NLA06608-1704,Region_7,40,IX,IX,MAN-MADE,PLNLOW MAN-MADE,10,10290104
NLA06608-1706,Region_5,56,VII,VII,NATURAL,PLNLOW NATURAL,4,4080201
NLA06608-1707,Region_5,56,VII,VII,NATURAL,PLNLOW NATURAL,4,4050001
NLA06608-1711,Region_4,66,XI,XI,MAN-MADE,EHIGH MAN-MADE,3,3150104
NLA06608-1715,Region_6,31,IV,IVman,MAN-MADE,PLNLOW MAN-MADE,13,13080001
NLA06608-1717,Region_9,6,III,III,MAN-MADE,WMTNS MAN-MADE,18,18040008
NLA06608-1719,Region_8,42,V,V,NATURAL,PLNLOW NATURAL,10,10160007
NLA06608-1723,Region_8,25,V,V,MAN-MADE,PLNLOW MAN-MADE,10,10190009
NLA06608-1724,Region_5,54,VI,VI,MAN-MADE,PLNLOW MAN-MADE,7,7130003
NLA06608-1733,Region_4,75,XII,CPL,NATURAL,PLNLOW NATURAL,3,3080102
NLA06608-1735,Region_6,35,IX,IX,NATURAL,PLNLOW NATURAL,12,12010005
NLA06608-1736,Region_7,47,VI,VI,NATURAL,PLNLOW NATURAL,7,7100006
NLA06608-1739,Region_8,21,II,II,MAN-MADE,WMTNS MAN-MADE,10,10190005
NLA06608-1740,Region_7,40,IX,IX,MAN-MADE,PLNLOW MAN-MADE,10,10300104
NLA06608-1741,Region_3,63,XIV,CPL,MAN-MADE,PLNLOW MAN-MADE,2,2040207
NLA06608-1742,Region_5,50,VIII,VIII,NATURAL,PLNLOW NATURAL,4,4020104
NLA06608-1748,Region_8,21,II,II,MAN-MADE,WMTNS MAN-MADE,11,11020001
NLA06608-1753,Region_8,19,II,II,MAN-MADE,WMTNS MAN-MADE,16,16030001
NLA06608-1755,Region_5,56,VII,VII,NATURAL,PLNLOW NATURAL,5,5120106
NLA06608-1758,Region_5,50,VIII,VIII,NATURAL,PLNLOW NATURAL,4,4020103
NLA06608-1771,Region_5,56,VII,VII,NATURAL,PLNLOW NATURAL,4,4050002
NLA06608-1775,Region_4,71,IX,IX,MAN-MADE,EHIGH MAN-MADE,5,5100101
NLA06608-1781,Region_9,6,III,III,MAN-MADE,WMTNS MAN-MADE,18,18050005
NLA06608-1782,Region_5,56,VII,VII,MAN-MADE,PLNLOW MAN-MADE,4,4090005
NLA06608-1789,Region_3,69,XI,XI,MAN-MADE,EHIGH MAN-MADE,5,5010007
NLA06608-1791,Region_4,68,XI,XI,MAN-MADE,EHIGH MAN-MADE,6,6010208
NLA06608-1793,Region_10,15,II,II,NATURAL,WMTNS NATURAL,17,17010303
NLA06608-1800,Region_6,35,IX,IX,NATURAL,PLNLOW NATURAL,11,11140304
NLA06608-1802,Region_5,56,VII,VII,MAN-MADE,PLNLOW MAN-MADE,4,4090003
NLA06608-1804,Region_6,27,V,V,MAN-MADE,PLNLOW MAN-MADE,11,11050002
NLA06608-1808,Region_6,35,IX,IX,MAN-MADE,PLNLOW MAN-MADE,11,11110207
NLA06608-1810,Region_8,13,III,III,MAN-MADE,WMTNS MAN-MADE,16,16020102
NLA06608-1811,Region_8,42,V,V,NATURAL,PLNLOW NATURAL,10,10130106
NLA06608-1812,Region_4,71,IX,IX,MAN-MADE,EHIGH MAN-MADE,5,5130205
NLA06608-1818,Region_8,17,II,II,NATURAL,WMTNS NATURAL,14,14040102
NLA06608-1821,Region_3,64,IX,IX,MAN-MADE,EHIGH MAN-MADE,2,2060006
NLA06608-1824,Region_7,26,IV,IVman,MAN-MADE,PLNLOW MAN-MADE,11,11040008
NLA06608-1825,Region_4,75,XII,CPL,NATURAL,PLNLOW NATURAL,3,3100101
NLA06608-1835,Region_5,56,VII,VII,NATURAL,PLNLOW NATURAL,4,4100003
NLA06608-1836,Region_7,44,IV,IVnat,NATURAL,PLNLOW NATURAL,10,10150003
NLA06608-1839,Region_4,65,IX,IX,MAN-MADE,PLNLOW MAN-MADE,3,3070104
NLA06608-1840,Region_5,72,IX,IX,MAN-MADE,PLNLOW MAN-MADE,7,7140203
NLA06608-1851,Region_8,25,V,V,MAN-MADE,PLNLOW MAN-MADE,10,10190005
NLA06608-1856,Region_8,42,V,V,MAN-MADE,PLNLOW MAN-MADE,10,10050007
NLA06608-1857,Region_8,15,II,II,NATURAL,WMTNS NATURAL,17,17010208
NLA06608-1861,Region_4,75,XII,CPL,NATURAL,PLNLOW NATURAL,3,3080103
NLA06608-1862,Region_9,80,III,III,MAN-MADE,WMTNS MAN-MADE,16,16040205
NLA06608-1863,Region_6,35,IX,IX,MAN-MADE,PLNLOW MAN-MADE,8,8080102
NLA06608-1866,Region_8,18,III,III,MAN-MADE,WMTNS MAN-MADE,10,10070006
NLA06608-1867,Region_5,56,VII,VII,NATURAL,PLNLOW NATURAL,5,5120106
NLA06608-1868,Region_6,29,IX,IX,MAN-MADE,PLNLOW MAN-MADE,11,11090202
NLA06608-1871,Region_4,45,IX,IX,MAN-MADE,EHIGH MAN-MADE,3,3150109
NLA06608-1873,Region_10,1,II,II,NATURAL,WMTNS NATURAL,17,17110017
NLA06608-1874,Region_8,19,II,II,MAN-MADE,WMTNS MAN-MADE,16,16020101
NLA06608-1879,Region_8,46,VI,VI,NATURAL,PLNLOW NATURAL,10,10170201
NLA06608-1884,Region_7,47,VI,VI,MAN-MADE,PLNLOW MAN-MADE,7,7080208
NLA06608-1893,Region_9,13,III,III,MAN-MADE,WMTNS MAN-MADE,16,16040109
NLA06608-1894,Region_10,4,II,II,NATURAL,WMTNS NATURAL,17,17070301
NLA06608-1906,Region_1,59,XIV,CPL,MAN-MADE,EHIGH MAN-MADE,1,1090004
NLA06608-1908,Region_5,71,IX,IX,MAN-MADE,EHIGH MAN-MADE,5,5140201
NLA06608-1910,Region_5,50,VIII,VIII,NATURAL,PLNLOW NATURAL,4,4030108
NLA06608-1930,Region_10,12,III,III,MAN-MADE,WMTNS MAN-MADE,17,17040202
NLA06608-1936,Region_7,72,IX,IX,MAN-MADE,PLNLOW MAN-MADE,7,7110009
NLA06608-1948,Region_7,44,IV,IVnat,NATURAL,PLNLOW NATURAL,10,10150004
NLA06608-1953,Region_8,17,II,II,NATURAL,WMTNS NATURAL,17,17010203
NLA06608-1958,Region_10,4,II,II,MAN-MADE,WMTNS MAN-MADE,17,17090001
NLA06608-1959,Region_8,46,VI,VI,MAN-MADE,PLNLOW MAN-MADE,10,10160003
NLA06608-1960,Region_6,40,IX,IX,MAN-MADE,PLNLOW MAN-MADE,11,11070106
NLA06608-1968,Region_8,42,V,V,MAN-MADE,PLNLOW MAN-MADE,10,10050014
NLA06608-1975,Region_7,47,VI,VI,NATURAL,PLNLOW NATURAL,10,10230003
NLA06608-1985,Region_10,15,II,II,NATURAL,WMTNS NATURAL,17,17010303
NLA06608-1989,Region_10,80,III,III,MAN-MADE,WMTNS MAN-MADE,17,17040213
NLA06608-1992,Region_6,33,IX,IX,MAN-MADE,PLNLOW MAN-MADE,12,12030107
NLA06608-1998,Region_5,50,VIII,VIII,NATURAL,PLNLOW NATURAL,4,4030107
NLA06608-1998,Region_5,50,VIII,VIII,NATURAL,PLNLOW NATURAL,4,4030107
NLA06608-2005,Region_10,80,III,III,MAN-MADE,WMTNS MAN-MADE,17,17050104
NLA06608-2007,Region_8,46,VI,VI,NATURAL,PLNLOW NATURAL,7,7020001
NLA06608-2010,Region_4,65,IX,IX,MAN-MADE,PLNLOW MAN-MADE,3,3170007
NLA06608-2027,Region_8,21,II,II,MAN-MADE,WMTNS MAN-MADE,10,10180011
NLA06608-2036,Region_7,47,VI,VI,NATURAL,PLNLOW NATURAL,7,7100008
NLA06608-2037,Region_9,13,III,III,MAN-MADE,WMTNS MAN-MADE,16,16050203
NLA06608-2039,Region_7,47,VI,VI,NATURAL,PLNLOW NATURAL,10,10230003
NLA06608-2049,Region_8,15,II,II,NATURAL,WMTNS NATURAL,17,17010213
NLA06608-2056,Region_7,47,VI,VI,MAN-MADE,PLNLOW MAN-MADE,7,7100008
NLA06608-2072,Region_6,33,IX,IX,MAN-MADE,PLNLOW MAN-MADE,12,12020001
NLA06608-2074,Region_4,75,XII,CPL,MAN-MADE,PLNLOW MAN-MADE,3,3120003
NLA06608-2076,Region_6,37,IX,IX,MAN-MADE,EHIGH MAN-MADE,11,11110204
NLA06608-2078,Region_5,50,VIII,VIII,NATURAL,PLNLOW NATURAL,4,4030107
NLA06608-2082,Region_10,78,II,II,MAN-MADE,WMTNS MAN-MADE,17,17100308
NLA06608-2086,Region_1,58,VIII,VIII,NATURAL,EHIGH NATURAL,1,1110000
NLA06608-2087,Region_8,46,VI,VI,NATURAL,PLNLOW NATURAL,10,10160010
NLA06608-2091,Region_4,65,IX,IX,MAN-MADE,PLNLOW MAN-MADE,3,3150107
NLA06608-2092,Region_6,73,X,CPL,MAN-MADE,PLNLOW MAN-MADE,8,8050001
NLA06608-2094,Region_6,33,IX,IX,MAN-MADE,PLNLOW MAN-MADE,12,12100101
NLA06608-2095,Region_8,18,III,III,MAN-MADE,WMTNS MAN-MADE,14,14040104
NLA06608-2103,Region_8,42,V,V,NATURAL,PLNLOW NATURAL,10,10130105
NLA06608-2114,Region_3,69,XI,XI,MAN-MADE,EHIGH MAN-MADE,5,5020006
NLA06608-2117,Region_4,75,XII,CPL,NATURAL,PLNLOW NATURAL,3,3080102
NLA06608-2120,Region_6,29,IX,IX,MAN-MADE,PLNLOW MAN-MADE,12,12060201
NLA06608-2123,Region_8,46,VI,VI,NATURAL,PLNLOW NATURAL,10,10170201
NLA06608-2131,Region_8,42,V,V,NATURAL,PLNLOW NATURAL,10,10130106
NLA06608-2134,Region_10,3,I,II,MAN-MADE,WMTNS MAN-MADE,17,17080002
NLA06608-2135,Region_8,46,VI,VI,NATURAL,PLNLOW NATURAL,7,7020003
NLA06608-2152,Region_7,39,XI,XI,MAN-MADE,EHIGH MAN-MADE,10,10290107
NLA06608-2154,Region_4,65,IX,IX,MAN-MADE,PLNLOW MAN-MADE,3,3140304
NLA06608-2155,Region_5,56,VII,VII,NATURAL,PLNLOW NATURAL,4,4050001
NLA06608-2162,Region_1,59,XIV,CPL,NATURAL,EHIGH NATURAL,1,1090005
NLA06608-2170,Region_8,42,V,V,NATURAL,PLNLOW NATURAL,10,10030102
NLA06608-2177,Region_8,15,II,II,NATURAL,WMTNS NATURAL,17,17010210
NLA06608-2185,Region_9,13,III,III,MAN-MADE,WMTNS MAN-MADE,16,16050302
NLA06608-2187,Region_4,68,XI,XI,MAN-MADE,EHIGH MAN-MADE,3,3160112
NLA06608-2193,Region_10,1,II,II,NATURAL,WMTNS NATURAL,17,17100106
NLA06608-2196,Region_5,71,IX,IX,MAN-MADE,EHIGH MAN-MADE,5,5120202
NLA06608-2217,Region_9,23,II,II,MAN-MADE,WMTNS MAN-MADE,15,15020008
NLA06608-2219,Region_5,56,VII,VII,MAN-MADE,PLNLOW MAN-MADE,7,7120001
NLA06608-2241,Region_10,15,II,II,NATURAL,WMTNS NATURAL,17,17010308
NLA06608-2250,Region_8,17,II,II,NATURAL,WMTNS NATURAL,17,17040101
NLA06608-2253,Region_3,63,XIV,CPL,MAN-MADE,PLNLOW MAN-MADE,2,2040207
NLA06608-2257,Region_10,2,II,II,NATURAL,WMTNS NATURAL,17,17110019
NLA06608-2266,Region_8,43,IV,IVman,MAN-MADE,PLNLOW MAN-MADE,10,10090205
NLA06608-2267,Region_5,56,VII,VII,NATURAL,PLNLOW NATURAL,4,4050001
NLA06608-2283,Region_5,56,VII,VII,NATURAL,PLNLOW NATURAL,5,5120106
NLA06608-2305,Region_10,15,II,II,NATURAL,WMTNS NATURAL,17,17010214
NLA06608-2322,Region_8,18,III,III,MAN-MADE,WMTNS MAN-MADE,16,16010101
NLA06608-2332,Region_7,27,V,V,MAN-MADE,PLNLOW MAN-MADE,10,10250009
NLA06608-2333,Region_3,63,XIV,CPL,MAN-MADE,PLNLOW MAN-MADE,2,2060008
NLA06608-2345,Region_8,20,III,III,MAN-MADE,WMTNS MAN-MADE,14,14060009
NLA06608-2354,Region_1,59,XIV,CPL,NATURAL,EHIGH NATURAL,1,1090004
NLA06608-2372,Region_9,22,III,III,MAN-MADE,WMTNS MAN-MADE,14,14080204
NLA06608-2379,Region_8,18,III,III,MAN-MADE,WMTNS MAN-MADE,10,10180010
NLA06608-2418,Region_1,59,XIV,CPL,MAN-MADE,EHIGH MAN-MADE,1,1090004
NLA06608-2426,Region_8,42,V,V,NATURAL,PLNLOW NATURAL,10,10040102
NLA06608-2429,Region_8,20,III,III,MAN-MADE,WMTNS MAN-MADE,14,14060004
NLA06608-2438,Region_10,80,III,III,MAN-MADE,WMTNS MAN-MADE,17,17120008
NLA06608-2450,Region_10,1,II,II,NATURAL,WMTNS NATURAL,17,17100304
NLA06608-2453,Region_9,80,III,III,MAN-MADE,WMTNS MAN-MADE,17,17050105
NLA06608-2457,Region_8,19,II,II,MAN-MADE,WMTNS MAN-MADE,15,15010008
NLA06608-2463,Region_8,20,III,III,MAN-MADE,WMTNS MAN-MADE,14,14060004
NLA06608-2477,Region_9,13,III,III,MAN-MADE,WMTNS MAN-MADE,15,15010011
NLA06608-2481,Region_10,11,II,II,MAN-MADE,WMTNS MAN-MADE,17,17070201
NLA06608-2492,Region_4,65,IX,IX,MAN-MADE,PLNLOW MAN-MADE,8,8030201
NLA06608-2497,Region_10,15,II,II,MAN-MADE,WMTNS MAN-MADE,17,17010214
NLA06608-2507,Region_5,55,VI,VI,MAN-MADE,PLNLOW MAN-MADE,5,5120201
NLA06608-2513,Region_10,2,II,II,NATURAL,WMTNS NATURAL,17,17110019
NLA06608-2523,Region_5,56,VII,VII,NATURAL,PLNLOW NATURAL,4,4050001
NLA06608-2524,Region_6,73,X,CPL,NATURAL,PLNLOW NATURAL,8,8050003
NLA06608-2565,Region_4,75,XII,CPL,NATURAL,PLNLOW NATURAL,3,3090101
NLA06608-2566,Region_1,59,XIV,CPL,NATURAL,EHIGH NATURAL,1,1090005
NLA06608-2593,Region_4,75,XII,CPL,NATURAL,PLNLOW NATURAL,3,3100101
NLA06608-2629,Region_4,75,XII,CPL,NATURAL,PLNLOW NATURAL,3,3080101
NLA06608-2634,Region_8,17,II,II,NATURAL,WMTNS NATURAL,10,10070006
NLA06608-2640,Region_7,27,V,V,MAN-MADE,PLNLOW MAN-MADE,10,10250007
NLA06608-2644,Region_5,55,VI,VI,MAN-MADE,PLNLOW MAN-MADE,5,5090203
NLA06608-2655,Region_8,20,III,III,MAN-MADE,WMTNS MAN-MADE,14,14040106
NLA06608-2657,Region_4,75,XII,CPL,NATURAL,PLNLOW NATURAL,3,3100208
NLA06608-2663,Region_6,34,X,CPL,MAN-MADE,PLNLOW MAN-MADE,12,12040205
NLA06608-2673,Region_10,11,II,II,NATURAL,WMTNS NATURAL,17,17070201
NLA06608-2685,Region_8,19,II,II,MAN-MADE,WMTNS MAN-MADE,16,16020203
NLA06608-2696,Region_6,32,V,V,MAN-MADE,PLNLOW MAN-MADE,12,12030105
NLA06608-2704,Region_6,26,IV,IVman,MAN-MADE,PLNLOW MAN-MADE,11,11090106
NLA06608-2708,Region_5,71,IX,IX,MAN-MADE,EHIGH MAN-MADE,5,5120201
NLA06608-2714,Region_8,17,II,II,MAN-MADE,WMTNS MAN-MADE,10,10120107
NLA06608-2715,Region_7,25,V,V,MAN-MADE,PLNLOW MAN-MADE,10,10180009
NLA06608-2726,Region_10,9,II,II,NATURAL,WMTNS NATURAL,17,17070301
NLA06608-2740,Region_7,27,V,V,MAN-MADE,PLNLOW MAN-MADE,10,10210003
NLA06608-2753,Region_10,10,III,III,NATURAL,WMTNS NATURAL,17,17010307
NLA06608-2759,Region_6,30,IV,IVman,MAN-MADE,PLNLOW MAN-MADE,12,12090204
NLA06608-2776,Region_6,29,IX,IX,MAN-MADE,PLNLOW MAN-MADE,12,12030103
NLA06608-2779,Region_5,56,VII,VII,NATURAL,PLNLOW NATURAL,5,5120106
NLA06608-2797,Region_9,13,III,III,MAN-MADE,WMTNS MAN-MADE,15,15010013
NLA06608-2800,Region_8,42,V,V,MAN-MADE,PLNLOW MAN-MADE,10,10030104
NLA06608-2801,Region_10,13,III,III,MAN-MADE,WMTNS MAN-MADE,16,16020309
NLA06608-2807,Region_6,29,IX,IX,MAN-MADE,PLNLOW MAN-MADE,12,12060202
NLA06608-2823,Region_6,35,IX,IX,MAN-MADE,PLNLOW MAN-MADE,11,11140207
NLA06608-2824,Region_7,44,IV,IVman,MAN-MADE,PLNLOW MAN-MADE,10,10210010
NLA06608-2831,Region_4,67,XI,XI,MAN-MADE,EHIGH MAN-MADE,3,3150105
NLA06608-2833,Region_10,10,III,III,MAN-MADE,WMTNS MAN-MADE,17,17020009
NLA06608-2874,Region_8,42,V,V,MAN-MADE,PLNLOW MAN-MADE,10,10030101
NLA06608-2881,Region_8,15,II,II,NATURAL,WMTNS NATURAL,17,17010210
NLA06608-2889,Region_9,13,III,III,MAN-MADE,WMTNS MAN-MADE,16,16050304
NLA06608-2891,Region_5,56,VII,VII,NATURAL,PLNLOW NATURAL,5,5120106
NLA06608-2916,Region_5,72,IX,IX,MAN-MADE,PLNLOW MAN-MADE,5,5140201
NLA06608-2924,Region_6,26,IV,IVman,MAN-MADE,PLNLOW MAN-MADE,12,12080007
NLA06608-2954,Region_10,12,III,III,NATURAL,WMTNS NATURAL,17,17040203
NLA06608-2955,Region_4,67,XI,XI,MAN-MADE,EHIGH MAN-MADE,3,3150106
NLA06608-2972,Region_7,44,IV,IVnat,NATURAL,PLNLOW NATURAL,10,10210006
NLA06608-2987,Region_5,56,VII,VII,NATURAL,PLNLOW NATURAL,7,7120001
NLA06608-2996,Region_6,27,V,V,MAN-MADE,PLNLOW MAN-MADE,11,11130206
NLA06608-3032,Region_6,29,IX,IX,MAN-MADE,PLNLOW MAN-MADE,11,11130201
NLA06608-3035,Region_5,56,VII,VII,NATURAL,PLNLOW NATURAL,4,4050001
NLA06608-3083,Region_6,33,IX,IX,MAN-MADE,PLNLOW MAN-MADE,12,12030202
NLA06608-3096,Region_6,33,IX,IX,MAN-MADE,PLNLOW MAN-MADE,12,12030105
NLA06608-3121,Region_10,11,II,II,MAN-MADE,WMTNS MAN-MADE,17,17050124
NLA06608-3147,Region_5,56,VII,VII,NATURAL,PLNLOW NATURAL,5,5120106
NLA06608-3153,Region_10,2,II,II,NATURAL,WMTNS NATURAL,17,17110003
NLA06608-3157,Region_10,16,II,II,MAN-MADE,WMTNS MAN-MADE,17,17050112
NLA06608-3160,Region_7,47,VI,VI,MAN-MADE,PLNLOW MAN-MADE,10,10200203
NLA06608-3169,Region_4,76,XIII,CPL,NATURAL,PLNLOW NATURAL,3,3090101
NLA06608-3228,Region_6,27,V,V,MAN-MADE,PLNLOW MAN-MADE,12,12060102
NLA06608-3265,Region_10,15,II,II,NATURAL,WMTNS NATURAL,17,17010308
NLA06608-3303,Region_6,32,V,V,MAN-MADE,PLNLOW MAN-MADE,12,12100301
NLA06608-3313,Region_10,13,III,III,MAN-MADE,WMTNS MAN-MADE,16,16010202
NLA06608-3320,Region_6,37,IX,IX,MAN-MADE,EHIGH MAN-MADE,11,11110105
NLA06608-3329,Region_10,15,II,II,NATURAL,WMTNS NATURAL,17,17010215
NLA06608-3480,Region_6,29,IX,IX,MAN-MADE,PLNLOW MAN-MADE,11,11130303
NLA06608-3484,Region_7,44,IV,IVnat,NATURAL,PLNLOW NATURAL,10,10150004
NLA06608-3608,Region_7,47,VI,VI,MAN-MADE,PLNLOW MAN-MADE,10,10220003
NLA06608-3616,Region_6,26,IV,IVman,MAN-MADE,PLNLOW MAN-MADE,11,11090201
NLA06608-3644,Region_7,44,IV,IVnat,NATURAL,PLNLOW NATURAL,10,10180009
NLA06608-3656,Region_7,44,IV,IVnat,NATURAL,PLNLOW NATURAL,10,10220001
NLA06608-3660,Region_7,27,V,V,MAN-MADE,PLNLOW MAN-MADE,10,10270202
NLA06608-3698,Region_1,59,XIV,CPL,MAN-MADE,EHIGH MAN-MADE,1,1090003
NLA06608-3846,Region_1,59,XIV,CPL,NATURAL,EHIGH NATURAL,1,1090005
NLA06608-3890,Region_1,59,XIV,CPL,NATURAL,EHIGH NATURAL,1,1100001
NLA06608-3911,Region_6,34,X,CPL,MAN-MADE,PLNLOW MAN-MADE,8,8080201
NLA06608-4056,Region_6,27,V,V,MAN-MADE,PLNLOW MAN-MADE,11,11100301
NLA06608-4064,Region_6,26,IV,IVman,MAN-MADE,PLNLOW MAN-MADE,11,11040002
NLA06608-4206,Region_6,27,V,V,MAN-MADE,PLNLOW MAN-MADE,11,11050002
NLA06608-4252,Region_1,58,VIII,VIII,NATURAL,EHIGH NATURAL,2,2010002
NLA06608-4320,Region_6,27,V,V,MAN-MADE,PLNLOW MAN-MADE,11,11060001
NLA06608-4382,Region_6,27,V,V,MAN-MADE,PLNLOW MAN-MADE,11,11130303
NLA06608-4413,Region_1,59,XIV,CPL,MAN-MADE,EHIGH MAN-MADE,1,1100001
NLA06608-4414,Region_6,37,IX,IX,MAN-MADE,EHIGH MAN-MADE,11,11110105
NLA06608-4440,Region_6,27,V,V,MAN-MADE,PLNLOW MAN-MADE,11,11060001
NLA06608-4472,Region_6,27,V,V,MAN-MADE,PLNLOW MAN-MADE,11,11100301
NLA06608-4504,Region_6,29,IX,IX,MAN-MADE,PLNLOW MAN-MADE,11,11070106
NLA06608-4610,Region_6,29,IX,IX,MAN-MADE,PLNLOW MAN-MADE,11,11130303
NLA06608-4643,Region_6,29,IX,IX,MAN-MADE,PLNLOW MAN-MADE,11,11070107
NLA06608-4650,Region_6,35,IX,IX,MAN-MADE,PLNLOW MAN-MADE,8,8040206
NLA06608-4659,Region_6,27,V,V,MAN-MADE,PLNLOW MAN-MADE,11,11130302
NLA06608-4686,Region_6,35,IX,IX,MAN-MADE,PLNLOW MAN-MADE,11,11140207
NLA06608-4698,Region_6,35,IX,IX,NATURAL,PLNLOW NATURAL,11,11140206
NLA06608-4828,Region_6,29,IX,IX,MAN-MADE,PLNLOW MAN-MADE,11,11130303
NLA06608-4929,Region_6,37,IX,IX,MAN-MADE,EHIGH MAN-MADE,11,11140104
NLA06608-4949,Region_6,40,IX,IX,MAN-MADE,PLNLOW MAN-MADE,11,11070105
NLA06608-9999,Region_1,58,VIII,VIII,NATURAL,EHIGH NATURAL,10,1080101
NLA06608-ACAD_LAKES_0435,Region_1,82,VIII,VIII,NATURAL,EHIGH NATURAL,1,1050002
NLA06608-ALPS-1218,Region_1,82,VIII,VIII,NATURAL,EHIGH NATURAL,1,1050002
NLA06608-ALSC:020149,Region_2,58,VIII,VIII,NATURAL,EHIGH NATURAL,2,2010006
NLA06608-ELS:1C2-032,Region_1,59,XIV,CPL,NATURAL,EHIGH NATURAL,1,1070002
NLA06608-ELS:1C3-003,Region_1,58,VIII,VIII,NATURAL,EHIGH NATURAL,1,1030001
NLA06608-ELS:1D1-035,Region_1,84,XIV,CPL,NATURAL,PLNLOW NATURAL,1,1090002
NLA06608-ELS:1D2-087,Region_1,59,XIV,CPL,MAN-MADE,EHIGH MAN-MADE,1,1080204
NLA06608-ELS:1E1-052,Region_1,82,VIII,VIII,NATURAL,EHIGH NATURAL,1,1020005
NLA06608-ELS:1E1-096,Region_1,82,VIII,VIII,NATURAL,EHIGH NATURAL,1,1050001
NLA06608-ELS:1E1-128,Region_1,82,VIII,VIII,NATURAL,EHIGH NATURAL,1,1050002
NLA06608-ELS:1E2-027,Region_1,58,VIII,VIII,NATURAL,EHIGH NATURAL,1,1030001
NLA06608-ELS:1E3-002,Region_1,82,VIII,VIII,NATURAL,EHIGH NATURAL,1,1010004
NLA06608-ELS:1E3-012,Region_1,58,VIII,VIII,NATURAL,EHIGH NATURAL,1,1010003
NLA06608-ELS:1E3-071,Region_1,82,VIII,VIII,NATURAL,EHIGH NATURAL,1,1010004
NLA06608-ELS:2B2-008,Region_5,50,VIII,VIII,NATURAL,PLNLOW NATURAL,4,4020103
NLA06608-ELS:2C2-048,Region_5,50,VIII,VIII,NATURAL,PLNLOW NATURAL,4,4030202
NLA06608-ELS:2C3-018,Region_5,50,VIII,VIII,NATURAL,PLNLOW NATURAL,7,7050002
NLA06608-ELS:2D3-008,Region_5,50,VIII,VIII,NATURAL,PLNLOW NATURAL,7,7010101
NLA06608-EMAP:ME011L,Region_1,58,VIII,VIII,NATURAL,EHIGH NATURAL,1,1020001
NLA06608-EMAP:ME012L,Region_1,58,VIII,VIII,NATURAL,EHIGH NATURAL,1,1010003
NLA06608-EMAP:ME254L,Region_1,58,VIII,VIII,NATURAL,EHIGH NATURAL,1,1010004
NLA06608-EMAP:ME263L,Region_1,82,VIII,VIII,NATURAL,EHIGH NATURAL,1,1050002
NLA06608-EMAP:ME518L,Region_1,82,VIII,VIII,NATURAL,EHIGH NATURAL,1,1050001
NLA06608-FL:107895579,Region_4,75,XII,CPL,NATURAL,PLNLOW NATURAL,3,3080101
NLA06608-FL:16674741,Region_4,75,XII,CPL,NATURAL,PLNLOW NATURAL,3,3080103
NLA06608-FL:18261987,Region_4,75,XII,CPL,NATURAL,PLNLOW NATURAL,3,3070204
NLA06608-FL:99324403,Region_4,65,IX,IX,NATURAL,PLNLOW NATURAL,3,3110205
NLA06608-FL:99344895,Region_4,65,IX,IX,NATURAL,PLNLOW NATURAL,3,3110205
NLA06608-IN:646,Region_5,56,VII,VII,NATURAL,PLNLOW NATURAL,4,4050001
NLA06608-MI:7007,Region_5,56,VII,VII,NATURAL,PLNLOW NATURAL,4,4090005
NLA06608-MN:03-0029,Region_5,50,VIII,VIII,NATURAL,PLNLOW NATURAL,7,7010106
NLA06608-MN:06-0002,Region_5,46,VI,VI,NATURAL,PLNLOW NATURAL,7,7020002
NLA06608-MN:11-0102,Region_5,50,VIII,VIII,NATURAL,PLNLOW NATURAL,7,7010102
NLA06608-MN:15-0010,Region_5,50,VIII,VIII,NATURAL,PLNLOW NATURAL,7,7010101
NLA06608-MN:22-0074,Region_5,47,VI,VI,NATURAL,PLNLOW NATURAL,7,7020011
NLA06608-MN:49-0140,Region_5,51,VII,VII,NATURAL,PLNLOW NATURAL,7,7010201
NLA06608-MN:51-0063,Region_5,46,VI,VI,NATURAL,PLNLOW NATURAL,7,7100001
NLA06608-MN:56-0306,Region_5,51,VII,VII,NATURAL,PLNLOW NATURAL,9,9020103
NLA06608-MN:61-0037,Region_5,51,VII,VII,NATURAL,PLNLOW NATURAL,7,7020005
NLA06608-MN:74-0023,Region_5,47,VI,VI,NATURAL,PLNLOW NATURAL,7,7040002
NLA06608-MN:75-0200,Region_5,46,VI,VI,NATURAL,PLNLOW NATURAL,7,7020002
NLA06608-MN:77-0019,Region_5,51,VII,VII,NATURAL,PLNLOW NATURAL,7,7010201
NLA06608-MN:87-0030,Region_5,47,VI,VI,NATURAL,PLNLOW NATURAL,7,7020004
NLA06608-NELP-0253,Region_1,82,VIII,VIII,NATURAL,EHIGH NATURAL,1,1020005
NLA06608-NELP-0955,Region_1,58,VIII,VIII,NATURAL,EHIGH NATURAL,1,1010003
NLA06608-NELP-1041,Region_1,82,VIII,VIII,NATURAL,EHIGH NATURAL,1,1050002
NLA06608-NELP-1330,Region_1,58,VIII,VIII,NATURAL,EHIGH NATURAL,1,1010003
NLA06608-NELP-2155,Region_1,58,VIII,VIII,NATURAL,EHIGH NATURAL,1,1010003
NLA06608-NELP-3355,Region_1,58,VIII,VIII,NATURAL,EHIGH NATURAL,1,1010003
NLA06608-NELP-3586,Region_1,58,VIII,VIII,NATURAL,EHIGH NATURAL,1,1020001
NLA06608-NH250L,Region_1,58,VIII,VIII,NATURAL,EHIGH NATURAL,1,1060002
NLA06608-NH4912,Region_1,58,VIII,VIII,NATURAL,EHIGH NATURAL,1,1070003
NLA06608-NV:2,Region_9,13,III,III,NATURAL,WMTNS NATURAL,16,16040101
NLA06608-NV:3,Region_9,13,III,III,MAN-MADE,WMTNS MAN-MADE,16,16040101
NLA06608-NV:4,Region_9,13,III,III,MAN-MADE,WMTNS MAN-MADE,15,15010011
NLA06608-OH:19,Region_5,55,VI,VI,NATURAL,PLNLOW NATURAL,5,5080002
NLA06608-OH:22,Region_5,55,VI,VI,NATURAL,PLNLOW NATURAL,5,5060001
NLA06608-R10BULLTR,Region_10,16,II,II,NATURAL,WMTNS NATURAL,17,17050120
NLA06608-R10CAPEHO,Region_10,16,II,II,NATURAL,WMTNS NATURAL,17,17060205
NLA06608-R10CHARLT,Region_10,4,II,II,NATURAL,WMTNS NATURAL,17,17070301
NLA06608-R10COUNCI,Region_10,4,II,II,NATURAL,WMTNS NATURAL,17,17080004
NLA06608-R10DEERLA,Region_10,4,II,II,NATURAL,WMTNS NATURAL,17,17070301
NLA06608-R10FISHLA,Region_10,80,III,III,NATURAL,WMTNS NATURAL,17,17120003
NLA06608-R10FOURMI,Region_10,4,II,II,NATURAL,WMTNS NATURAL,18,18010203
NLA06608-R10RAINYL,Region_10,77,II,II,NATURAL,WMTNS NATURAL,17,17020009
NLA06608-R10SQUAWL,Region_10,78,II,II,NATURAL,WMTNS NATURAL,17,17100309
NLA06608-R10ULAKE,Region_10,2,II,II,NATURAL,WMTNS NATURAL,17,17110018
NLA06608-R10YELLOW,Region_10,16,II,II,NATURAL,WMTNS NATURAL,17,17060201
NLA06608-R31,Region_3,64,IX,IX,MAN-MADE,EHIGH MAN-MADE,2,2060003
NLA06608-R314,Region_3,45,IX,IX,MAN-MADE,EHIGH MAN-MADE,2,2080207
NLA06608-R315,Region_3,67,XI,XI,MAN-MADE,EHIGH MAN-MADE,2,2070005
NLA06608-R318,Region_3,66,XI,XI,MAN-MADE,EHIGH MAN-MADE,3,3010101
NLA06608-R319,Region_3,65,IX,IX,MAN-MADE,PLNLOW MAN-MADE,2,2080206
NLA06608-R32,Region_3,67,XI,XI,MAN-MADE,EHIGH MAN-MADE,2,2070002
NLA06608-R322,Region_3,45,IX,IX,MAN-MADE,EHIGH MAN-MADE,3,3010103
NLA06608-R323,Region_3,63,XIV,CPL,MAN-MADE,PLNLOW MAN-MADE,2,2080208
NLA06608-R324,Region_3,65,IX,IX,MAN-MADE,PLNLOW MAN-MADE,2,2080206
NLA06608-R326,Region_3,65,IX,IX,MAN-MADE,PLNLOW MAN-MADE,2,2080206
NLA06608-R328,Region_3,67,XI,XI,MAN-MADE,EHIGH MAN-MADE,5,5050001
NLA06608-R333,Region_3,65,IX,IX,MAN-MADE,PLNLOW MAN-MADE,2,2080107
NLA06608-R334,Region_3,67,XI,XI,MAN-MADE,EHIGH MAN-MADE,2,2070004
NLA06608-R336,Region_3,69,XI,XI,MAN-MADE,EHIGH MAN-MADE,5,5050004
NLA06608-R34,Region_3,69,XI,XI,MAN-MADE,EHIGH MAN-MADE,5,5010007
NLA06608-R5:KATHRYN,Region_5,50,VIII,VIII,NATURAL,PLNLOW NATURAL,4,4020102
NLA06608-R5:OTTAWA,Region_5,50,VIII,VIII,NATURAL,PLNLOW NATURAL,4,4030106
NLA06608-R7101,Region_7,44,IV,IVnat,NATURAL,PLNLOW NATURAL,10,10150004
NLA06608-R7103,Region_7,44,IV,IVnat,NATURAL,PLNLOW NATURAL,10,10150004
NLA06608-R7104,Region_7,44,IV,IVnat,NATURAL,PLNLOW NATURAL,10,10150004
NLA06608-R7106,Region_7,47,VI,VI,MAN-MADE,PLNLOW MAN-MADE,10,10200203
NLA06608-R715,Region_7,47,VI,VI,MAN-MADE,PLNLOW MAN-MADE,7,7080205
NLA06608-R716,Region_7,47,VI,VI,NATURAL,PLNLOW NATURAL,7,7080205
NLA06608-R723,Region_7,28,IV,IVman,MAN-MADE,PLNLOW MAN-MADE,11,11060001
NLA06608-R728,Region_7,40,IX,IX,MAN-MADE,PLNLOW MAN-MADE,10,10290101
NLA06608-R730,Region_7,28,IV,IVman,MAN-MADE,PLNLOW MAN-MADE,11,11070201
NLA06608-R733,Region_7,40,IX,IX,MAN-MADE,PLNLOW MAN-MADE,10,10290102
NLA06608-R736,Region_7,40,IX,IX,MAN-MADE,PLNLOW MAN-MADE,10,10290101
NLA06608-R746,Region_7,40,IX,IX,MAN-MADE,PLNLOW MAN-MADE,10,10290102
NLA06608-R750,Region_7,28,IV,IVman,MAN-MADE,PLNLOW MAN-MADE,10,10270102
NLA06608-R759,Region_7,27,V,V,MAN-MADE,PLNLOW MAN-MADE,10,10260009
NLA06608-R764,Region_7,29,IX,IX,MAN-MADE,PLNLOW MAN-MADE,11,11070106
NLA06608-R767,Region_7,39,XI,XI,MAN-MADE,EHIGH MAN-MADE,7,7140104
NLA06608-R769,Region_7,39,XI,XI,MAN-MADE,EHIGH MAN-MADE,11,11010009
NLA06608-R770,Region_7,39,XI,XI,MAN-MADE,EHIGH MAN-MADE,11,11010008
NLA06608-R772,Region_7,39,XI,XI,MAN-MADE,EHIGH MAN-MADE,10,10290203
NLA06608-R775,Region_7,39,XI,XI,MAN-MADE,EHIGH MAN-MADE,7,7140101
NLA06608-R784,Region_7,25,V,V,MAN-MADE,PLNLOW MAN-MADE,10,10150002
NLA06608-R788,Region_7,44,IV,IVnat,NATURAL,PLNLOW NATURAL,10,10150004
NLA06608-R791,Region_7,44,IV,IVnat,NATURAL,PLNLOW NATURAL,10,10180009
NLA06608-R792,Region_7,44,IV,IVnat,NATURAL,PLNLOW NATURAL,10,10180009
NLA06608-R796,Region_7,44,IV,IVnat,NATURAL,PLNLOW NATURAL,10,10180009
NLA06608-TX:10,Region_6,30,IV,IVman,MAN-MADE,PLNLOW MAN-MADE,12,12090201
NLA06608-TX:14,Region_6,30,IV,IVman,MAN-MADE,PLNLOW MAN-MADE,12,12090201
NLA06608-TX:15,Region_6,29,IX,IX,MAN-MADE,PLNLOW MAN-MADE,12,12060105
NLA06608-TX:19,Region_6,35,IX,IX,MAN-MADE,PLNLOW MAN-MADE,12,12020001
NLA06608-TX:22,Region_6,35,IX,IX,MAN-MADE,PLNLOW MAN-MADE,12,12010002
NLA06608-TX:27,Region_6,27,V,V,MAN-MADE,PLNLOW MAN-MADE,12,12090104
NLA06608-TX:29,Region_6,29,IX,IX,MAN-MADE,PLNLOW MAN-MADE,12,12070203
NLA06608-TX:30,Region_6,35,IX,IX,MAN-MADE,PLNLOW MAN-MADE,11,11140302
NLA06608-TX:5,Region_6,31,IV,IVman,MAN-MADE,PLNLOW MAN-MADE,12,12110108
NLA06608-WI:LOWES,Region_5,53,VII,VII,NATURAL,PLNLOW NATURAL,7,7090001
NLA06608-WI:SY,Region_5,53,VII,VII,NATURAL,PLNLOW NATURAL,4,4030101
