SITE_ID,VISIT_NO,EPA_REG,ECO_LEV_3,NUT_REG,ECO_NUTA,LAKE_ORIGIN,ECO3_X_ORIGIN,HUC_2,HUC_8
NLA06608-0001,1,Region_8,41,II,II,NATURAL,WMTNS NATURAL,10,10010001
NLA06608-0002,1,Region_4,63,XIV,CPL,MAN-MADE,PLNLOW MAN-MADE,3,3050201
NLA06608-0002,2,Region_4,63,XIV,CPL,MAN-MADE,PLNLOW MAN-MADE,3,3050201
NLA06608-0003,1,Region_6,34,X,CPL,NATURAL,PLNLOW NATURAL,12,12110111
NLA06608-0003,2,Region_6,34,X,CPL,NATURAL,PLNLOW NATURAL,12,12110111
NLA06608-0004,1,Region_8,21,II,II,MAN-MADE,WMTNS MAN-MADE,14,14080202
NLA06608-0004,2,Region_8,21,II,II,MAN-MADE,WMTNS MAN-MADE,14,14080202
NLA06608-0005,1,Region_10,16,II,II,NATURAL,WMTNS NATURAL,17,17060201
NLA06608-0005,2,Region_10,16,II,II,NATURAL,WMTNS NATURAL,17,17060201
NLA06608-0006,1,Region_1,59,XIV,CPL,MAN-MADE,EHIGH MAN-MADE,1,1100005
NLA06608-0006,2,Region_1,59,XIV,CPL,MAN-MADE,EHIGH MAN-MADE,1,1100005
NLA06608-0007,1,Region_5,51,VII,VII,NATURAL,PLNLOW NATURAL,7,7050007
NLA06608-0007,2,Region_5,51,VII,VII,NATURAL,PLNLOW NATURAL,7,7050007
NLA06608-0008,1,Region_7,47,VI,VI,MAN-MADE,PLNLOW MAN-MADE,7,7100008
NLA06608-0008,2,Region_7,47,VI,VI,MAN-MADE,PLNLOW MAN-MADE,7,7100008
NLA06608-0010,1,Region_5,56,VII,VII,NATURAL,PLNLOW NATURAL,4,4090005
NLA06608-0010,2,Region_5,56,VII,VII,NATURAL,PLNLOW NATURAL,4,4090005
NLA06608-0012,1,Region_6,27,V,V,MAN-MADE,PLNLOW MAN-MADE,11,11050003
NLA06608-0012,2,Region_6,27,V,V,MAN-MADE,PLNLOW MAN-MADE,11,11050003
NLA06608-0013,1,Region_2,84,XIV,CPL,MAN-MADE,PLNLOW MAN-MADE,2,2040202
NLA06608-0013,2,Region_2,84,XIV,CPL,MAN-MADE,PLNLOW MAN-MADE,2,2040202
NLA06608-0014,1,Region_8,46,VI,VI,NATURAL,PLNLOW NATURAL,9,9010003
NLA06608-0014,2,Region_8,46,VI,VI,NATURAL,PLNLOW NATURAL,9,9010003
NLA06608-0015,1,Region_6,24,III,III,MAN-MADE,WMTNS MAN-MADE,13,13030101
NLA06608-0015,2,Region_6,24,III,III,MAN-MADE,WMTNS MAN-MADE,13,13030101
NLA06608-0016,1,Region_7,44,IV,IVman,MAN-MADE,PLNLOW MAN-MADE,10,10190018
NLA06608-0016,2,Region_7,44,IV,IVman,MAN-MADE,PLNLOW MAN-MADE,10,10190018
NLA06608-0019,1,Region_8,42,V,V,NATURAL,PLNLOW NATURAL,10,10130104
NLA06608-0019,2,Region_8,42,V,V,NATURAL,PLNLOW NATURAL,10,10130104
NLA06608-0020,1,Region_5,54,VI,VI,MAN-MADE,PLNLOW MAN-MADE,5,5120111
NLA06608-0020,2,Region_5,54,VI,VI,MAN-MADE,PLNLOW MAN-MADE,5,5120111
NLA06608-0021,1,Region_2,83,VII,VII,NATURAL,EHIGH NATURAL,4,4140201
NLA06608-0021,2,Region_2,83,VII,VII,NATURAL,EHIGH NATURAL,4,4140201
NLA06608-0023,1,Region_6,29,IX,IX,MAN-MADE,PLNLOW MAN-MADE,12,12070202
NLA06608-0023,2,Region_6,29,IX,IX,MAN-MADE,PLNLOW MAN-MADE,12,12070202
NLA06608-0024,1,Region_6,35,IX,IX,MAN-MADE,PLNLOW MAN-MADE,12,12020001
NLA06608-0024,2,Region_6,35,IX,IX,MAN-MADE,PLNLOW MAN-MADE,12,12020001
NLA06608-0025,1,Region_4,45,IX,IX,MAN-MADE,EHIGH MAN-MADE,3,3050105
NLA06608-0025,2,Region_4,45,IX,IX,MAN-MADE,EHIGH MAN-MADE,3,3050105
NLA06608-0029,1,Region_3,63,XIV,CPL,MAN-MADE,PLNLOW MAN-MADE,2,2040207
NLA06608-0029,2,Region_3,63,XIV,CPL,MAN-MADE,PLNLOW MAN-MADE,2,2040207
NLA06608-0031,1,Region_5,70,XI,XI,MAN-MADE,EHIGH MAN-MADE,5,5030201
NLA06608-0031,2,Region_5,70,XI,XI,MAN-MADE,EHIGH MAN-MADE,5,5030201
NLA06608-0033,1,Region_10,77,II,II,NATURAL,WMTNS NATURAL,17,17030001
NLA06608-0033,2,Region_10,77,II,II,NATURAL,WMTNS NATURAL,17,17030001
NLA06608-0036,1,Region_5,72,IX,IX,MAN-MADE,PLNLOW MAN-MADE,5,5140203
NLA06608-0036,2,Region_5,72,IX,IX,MAN-MADE,PLNLOW MAN-MADE,5,5140203
NLA06608-0037,1,Region_1,58,VIII,VIII,NATURAL,EHIGH NATURAL,1,1100005
NLA06608-0037,2,Region_1,58,VIII,VIII,NATURAL,EHIGH NATURAL,1,1100005
NLA06608-0038,1,Region_1,58,VIII,VIII,NATURAL,EHIGH NATURAL,1,1110000
NLA06608-0038,2,Region_1,58,VIII,VIII,NATURAL,EHIGH NATURAL,1,1110000
NLA06608-0041,1,Region_3,69,XI,XI,MAN-MADE,EHIGH MAN-MADE,5,5050005
NLA06608-0041,2,Region_3,69,XI,XI,MAN-MADE,EHIGH MAN-MADE,5,5050005
NLA06608-0042,1,Region_8,17,II,II,MAN-MADE,WMTNS MAN-MADE,10,10090206
NLA06608-0042,2,Region_8,17,II,II,MAN-MADE,WMTNS MAN-MADE,10,10090206
NLA06608-0043,1,Region_5,56,VII,VII,NATURAL,PLNLOW NATURAL,4,4050001
NLA06608-0043,2,Region_5,56,VII,VII,NATURAL,PLNLOW NATURAL,4,4050001
NLA06608-0044,1,Region_7,44,IV,IVnat,NATURAL,PLNLOW NATURAL,10,10150004
NLA06608-0044,2,Region_7,44,IV,IVnat,NATURAL,PLNLOW NATURAL,10,10150004
NLA06608-0045,1,Region_3,45,IX,IX,MAN-MADE,EHIGH MAN-MADE,2,2080207
NLA06608-0045,2,Region_3,45,IX,IX,MAN-MADE,EHIGH MAN-MADE,2,2080207
NLA06608-0048,1,Region_7,73,X,CPL,NATURAL,PLNLOW NATURAL,8,8020201
NLA06608-0048,2,Region_7,73,X,CPL,NATURAL,PLNLOW NATURAL,8,8020201
NLA06608-0049,1,Region_10,11,II,II,MAN-MADE,WMTNS MAN-MADE,17,17050201
NLA06608-0050,1,Region_1,58,VIII,VIII,NATURAL,EHIGH NATURAL,1,1070003
NLA06608-0050,2,Region_1,58,VIII,VIII,NATURAL,EHIGH NATURAL,1,1070003
NLA06608-0053,1,Region_2,83,VII,VII,NATURAL,EHIGH NATURAL,2,2010001
NLA06608-0053,2,Region_2,83,VII,VII,NATURAL,EHIGH NATURAL,2,2010001
NLA06608-0057,1,Region_4,45,IX,IX,MAN-MADE,EHIGH MAN-MADE,3,3040105
NLA06608-0057,2,Region_4,45,IX,IX,MAN-MADE,EHIGH MAN-MADE,3,3040105
NLA06608-0061,1,Region_9,81,III,III,MAN-MADE,WMTNS MAN-MADE,15,15030204
NLA06608-0061,2,Region_9,81,III,III,MAN-MADE,WMTNS MAN-MADE,15,15030204
NLA06608-0062,1,Region_8,42,V,V,NATURAL,PLNLOW NATURAL,10,10130103
NLA06608-0062,2,Region_8,42,V,V,NATURAL,PLNLOW NATURAL,10,10130103
NLA06608-0064,1,Region_8,42,V,V,NATURAL,PLNLOW NATURAL,10,10050002
NLA06608-0064,2,Region_8,42,V,V,NATURAL,PLNLOW NATURAL,10,10050002
NLA06608-0065,1,Region_8,15,II,II,NATURAL,WMTNS NATURAL,17,17010101
NLA06608-0065,2,Region_8,15,II,II,NATURAL,WMTNS NATURAL,17,17010101
NLA06608-0066,1,Region_3,69,XI,XI,MAN-MADE,EHIGH MAN-MADE,5,5020006
NLA06608-0066,2,Region_3,69,XI,XI,MAN-MADE,EHIGH MAN-MADE,5,5020006
NLA06608-0068,1,Region_8,21,II,II,MAN-MADE,WMTNS MAN-MADE,14,14030003
NLA06608-0068,2,Region_8,21,II,II,MAN-MADE,WMTNS MAN-MADE,14,14030003
NLA06608-0069,1,Region_4,75,XII,CPL,NATURAL,PLNLOW NATURAL,3,3080101
NLA06608-0069,2,Region_4,75,XII,CPL,NATURAL,PLNLOW NATURAL,3,3080101
NLA06608-0071,1,Region_6,73,X,CPL,NATURAL,PLNLOW NATURAL,8,8060100
NLA06608-0071,2,Region_6,73,X,CPL,NATURAL,PLNLOW NATURAL,8,8060100
NLA06608-0072,1,Region_6,29,IX,IX,MAN-MADE,PLNLOW MAN-MADE,12,12070201
NLA06608-0072,2,Region_6,29,IX,IX,MAN-MADE,PLNLOW MAN-MADE,12,12070201
NLA06608-0073,1,Region_9,13,III,III,MAN-MADE,WMTNS MAN-MADE,16,16050203
NLA06608-0073,2,Region_9,13,III,III,MAN-MADE,WMTNS MAN-MADE,16,16050203
NLA06608-0076,1,Region_7,40,IX,IX,MAN-MADE,PLNLOW MAN-MADE,10,10240012
NLA06608-0076,2,Region_7,40,IX,IX,MAN-MADE,PLNLOW MAN-MADE,10,10240012
NLA06608-0077,1,Region_2,58,VIII,VIII,MAN-MADE,EHIGH MAN-MADE,2,2030103
NLA06608-0077,2,Region_2,58,VIII,VIII,MAN-MADE,EHIGH MAN-MADE,2,2030103
NLA06608-0078,1,Region_8,46,VI,VI,NATURAL,PLNLOW NATURAL,9,9020202
NLA06608-0078,2,Region_8,46,VI,VI,NATURAL,PLNLOW NATURAL,9,9020202
NLA06608-0079,1,Region_8,21,II,II,NATURAL,WMTNS NATURAL,14,14050005
NLA06608-0079,2,Region_8,21,II,II,NATURAL,WMTNS NATURAL,14,14050005
NLA06608-0080,1,Region_6,73,X,CPL,NATURAL,PLNLOW NATURAL,8,8020402
NLA06608-0080,2,Region_6,73,X,CPL,NATURAL,PLNLOW NATURAL,8,8020402
NLA06608-0081,1,Region_10,2,II,II,NATURAL,WMTNS NATURAL,17,17110008
NLA06608-0081,2,Region_10,2,II,II,NATURAL,WMTNS NATURAL,17,17110008
NLA06608-0083,1,Region_8,42,V,V,NATURAL,PLNLOW NATURAL,10,10130106
NLA06608-0083,2,Region_8,42,V,V,NATURAL,PLNLOW NATURAL,10,10130106
NLA06608-0085,1,Region_10,12,III,III,MAN-MADE,WMTNS MAN-MADE,17,17050114
NLA06608-0085,2,Region_10,12,III,III,MAN-MADE,WMTNS MAN-MADE,17,17050114
NLA06608-0086,1,Region_10,3,I,II,NATURAL,WMTNS NATURAL,17,17080001
NLA06608-0086,2,Region_10,3,I,II,NATURAL,WMTNS NATURAL,17,17080001
NLA06608-0089,1,Region_4,45,IX,IX,MAN-MADE,EHIGH MAN-MADE,3,3050101
NLA06608-0089,2,Region_4,45,IX,IX,MAN-MADE,EHIGH MAN-MADE,3,3050101
NLA06608-0090,1,Region_8,17,II,II,NATURAL,WMTNS NATURAL,14,14040102
NLA06608-0090,2,Region_8,17,II,II,NATURAL,WMTNS NATURAL,14,14040102
NLA06608-0091,1,Region_5,54,VI,VI,NATURAL,PLNLOW NATURAL,7,7120001
NLA06608-0091,2,Region_5,54,VI,VI,NATURAL,PLNLOW NATURAL,7,7120001
NLA06608-0099,1,Region_5,53,VII,VII,NATURAL,PLNLOW NATURAL,7,7090001
NLA06608-0099,2,Region_5,53,VII,VII,NATURAL,PLNLOW NATURAL,7,7090001
NLA06608-0101,1,Region_1,58,VIII,VIII,NATURAL,EHIGH NATURAL,1,1100005
NLA06608-0102,1,Region_1,58,VIII,VIII,NATURAL,EHIGH NATURAL,1,1040002
NLA06608-0104,1,Region_7,27,V,V,MAN-MADE,PLNLOW MAN-MADE,11,11030015
NLA06608-0104,2,Region_7,27,V,V,MAN-MADE,PLNLOW MAN-MADE,11,11030015
NLA06608-0105,1,Region_8,19,II,II,MAN-MADE,WMTNS MAN-MADE,16,16030001
NLA06608-0105,2,Region_8,19,II,II,MAN-MADE,WMTNS MAN-MADE,16,16030001
NLA06608-0107,1,Region_5,56,VII,VII,NATURAL,PLNLOW NATURAL,4,4050001
NLA06608-0110,1,Region_5,50,VIII,VIII,NATURAL,PLNLOW NATURAL,9,9020103
NLA06608-0111,1,Region_5,61,VII,VII,MAN-MADE,EHIGH MAN-MADE,5,5030103
NLA06608-0112,1,Region_5,72,IX,IX,MAN-MADE,PLNLOW MAN-MADE,7,7140202
NLA06608-0113,1,Region_1,58,VIII,VIII,NATURAL,EHIGH NATURAL,1,1110000
NLA06608-0115,1,Region_5,51,VII,VII,NATURAL,PLNLOW NATURAL,4,4030202
NLA06608-0116,1,Region_6,21,II,II,MAN-MADE,WMTNS MAN-MADE,13,13020201
NLA06608-0120,1,Region_6,29,IX,IX,MAN-MADE,PLNLOW MAN-MADE,11,11060006
NLA06608-0120,2,Region_6,29,IX,IX,MAN-MADE,PLNLOW MAN-MADE,11,11060006
NLA06608-0124,1,Region_7,44,IV,IVnat,NATURAL,PLNLOW NATURAL,10,10210001
NLA06608-0126,1,Region_8,42,V,V,NATURAL,PLNLOW NATURAL,10,10160002
NLA06608-0126,2,Region_8,42,V,V,NATURAL,PLNLOW NATURAL,10,10160002
NLA06608-0127,1,Region_9,23,II,II,MAN-MADE,WMTNS MAN-MADE,15,15020001
NLA06608-0128,1,Region_8,42,V,V,MAN-MADE,PLNLOW MAN-MADE,10,10050008
NLA06608-0128,2,Region_8,42,V,V,MAN-MADE,PLNLOW MAN-MADE,10,10050008
NLA06608-0129,1,Region_8,15,II,II,NATURAL,WMTNS NATURAL,17,17010208
NLA06608-0129,2,Region_8,15,II,II,NATURAL,WMTNS NATURAL,17,17010208
NLA06608-0130,1,Region_9,79,III,III,MAN-MADE,WMTNS MAN-MADE,15,15050301
NLA06608-0132,1,Region_9,23,II,II,MAN-MADE,WMTNS MAN-MADE,14,14080204
NLA06608-0134,1,Region_1,58,VIII,VIII,NATURAL,EHIGH NATURAL,1,1080207
NLA06608-0137,1,Region_9,13,III,III,NATURAL,WMTNS NATURAL,16,16050301
NLA06608-0139,1,Region_5,56,VII,VII,NATURAL,PLNLOW NATURAL,5,5120106
NLA06608-0140,1,Region_7,47,VI,VI,MAN-MADE,PLNLOW MAN-MADE,10,10270103
NLA06608-0141,1,Region_3,63,XIV,CPL,MAN-MADE,PLNLOW MAN-MADE,2,2040205
NLA06608-0142,1,Region_5,50,VIII,VIII,NATURAL,PLNLOW NATURAL,7,7070001
NLA06608-0144,1,Region_6,27,V,V,MAN-MADE,PLNLOW MAN-MADE,12,12060101
NLA06608-0144,2,Region_6,27,V,V,MAN-MADE,PLNLOW MAN-MADE,12,12060101
NLA06608-0148,1,Region_5,55,VI,VI,MAN-MADE,PLNLOW MAN-MADE,5,5120204
NLA06608-0149,1,Region_3,60,VII,VII,NATURAL,EHIGH NATURAL,2,2050106
NLA06608-0150,1,Region_1,82,VIII,VIII,NATURAL,EHIGH NATURAL,1,1030003
NLA06608-0152,1,Region_6,29,IX,IX,MAN-MADE,PLNLOW MAN-MADE,11,11130303
NLA06608-0153,1,Region_3,45,IX,IX,MAN-MADE,EHIGH MAN-MADE,2,2080207
NLA06608-0155,1,Region_5,54,VI,VI,NATURAL,PLNLOW NATURAL,7,7120006
NLA06608-0158,1,Region_5,50,VIII,VIII,NATURAL,PLNLOW NATURAL,7,7050001
NLA06608-0161,1,Region_4,75,XII,CPL,NATURAL,PLNLOW NATURAL,3,3100206
NLA06608-0162,1,Region_1,58,VIII,VIII,NATURAL,EHIGH NATURAL,1,1080202
NLA06608-0167,1,Region_5,51,VII,VII,NATURAL,PLNLOW NATURAL,7,7010205
NLA06608-0167,2,Region_5,51,VII,VII,NATURAL,PLNLOW NATURAL,7,7010205
NLA06608-0168,1,Region_7,40,IX,IX,MAN-MADE,PLNLOW MAN-MADE,10,10290104
NLA06608-0169,1,Region_8,19,II,II,MAN-MADE,WMTNS MAN-MADE,14,14070003
NLA06608-0169,2,Region_8,19,II,II,MAN-MADE,WMTNS MAN-MADE,14,14070003
NLA06608-0170,1,Region_5,50,VIII,VIII,NATURAL,PLNLOW NATURAL,4,4060101
NLA06608-0173,1,Region_9,81,III,III,MAN-MADE,WMTNS MAN-MADE,18,18100200
NLA06608-0174,1,Region_5,51,VII,VII,NATURAL,PLNLOW NATURAL,9,9020103
NLA06608-0174,2,Region_5,51,VII,VII,NATURAL,PLNLOW NATURAL,9,9020103
NLA06608-0175,1,Region_5,55,VI,VI,MAN-MADE,PLNLOW MAN-MADE,5,5080002
NLA06608-0176,1,Region_6,73,X,CPL,NATURAL,PLNLOW NATURAL,8,8020203
NLA06608-0177,1,Region_1,58,VIII,VIII,MAN-MADE,EHIGH MAN-MADE,2,2010002
NLA06608-0179,1,Region_8,43,IV,IVman,MAN-MADE,PLNLOW MAN-MADE,10,10140102
NLA06608-0179,2,Region_8,43,IV,IVman,MAN-MADE,PLNLOW MAN-MADE,10,10140102
NLA06608-0180,1,Region_6,27,V,V,MAN-MADE,PLNLOW MAN-MADE,11,11130203
NLA06608-0181,1,Region_9,13,III,III,NATURAL,WMTNS NATURAL,18,18090101
NLA06608-0183,1,Region_5,51,VII,VII,NATURAL,PLNLOW NATURAL,7,7030005
NLA06608-0184,1,Region_7,40,IX,IX,MAN-MADE,PLNLOW MAN-MADE,10,10300101
NLA06608-0185,1,Region_3,62,VIII,VIII,MAN-MADE,EHIGH MAN-MADE,2,2040106
NLA06608-0189,1,Region_3,70,XI,XI,MAN-MADE,EHIGH MAN-MADE,5,5030106
NLA06608-0189,2,Region_3,70,XI,XI,MAN-MADE,EHIGH MAN-MADE,5,5030106
NLA06608-0190,1,Region_5,50,VIII,VIII,NATURAL,PLNLOW NATURAL,9,9030006
NLA06608-0191,1,Region_4,66,XI,XI,MAN-MADE,EHIGH MAN-MADE,6,6010202
NLA06608-0193,1,Region_10,77,II,II,MAN-MADE,WMTNS MAN-MADE,17,17110005
NLA06608-0195,1,Region_8,42,V,V,NATURAL,PLNLOW NATURAL,10,10160002
NLA06608-0196,1,Region_5,72,IX,IX,MAN-MADE,PLNLOW MAN-MADE,5,5120114
NLA06608-0198,1,Region_1,84,XIV,CPL,NATURAL,PLNLOW NATURAL,1,1090002
NLA06608-0201,1,Region_9,5,II,II,MAN-MADE,WMTNS MAN-MADE,18,18020128
NLA06608-0203,1,Region_4,68,XI,XI,MAN-MADE,EHIGH MAN-MADE,3,3160110
NLA06608-0204,1,Region_6,27,V,V,MAN-MADE,PLNLOW MAN-MADE,11,11130302
NLA06608-0207,1,Region_4,45,IX,IX,MAN-MADE,EHIGH MAN-MADE,3,3130003
NLA06608-0207,2,Region_4,45,IX,IX,MAN-MADE,EHIGH MAN-MADE,3,3130003
NLA06608-0208,1,Region_6,73,X,CPL,MAN-MADE,PLNLOW MAN-MADE,8,8020302
NLA06608-0209,1,Region_10,2,II,II,NATURAL,WMTNS NATURAL,17,17110012
NLA06608-0209,2,Region_10,2,II,II,NATURAL,WMTNS NATURAL,17,17110012
NLA06608-0211,1,Region_5,51,VII,VII,NATURAL,PLNLOW NATURAL,9,9020301
NLA06608-0212,1,Region_5,71,IX,IX,MAN-MADE,EHIGH MAN-MADE,5,5120208
NLA06608-0215,1,Region_5,51,VII,VII,NATURAL,PLNLOW NATURAL,7,7010204
NLA06608-0216,1,Region_7,47,VI,VI,MAN-MADE,PLNLOW MAN-MADE,10,10270202
NLA06608-0217,1,Region_4,45,IX,IX,MAN-MADE,EHIGH MAN-MADE,3,3020201
NLA06608-0219,1,Region_5,56,VII,VII,NATURAL,PLNLOW NATURAL,4,4050001
NLA06608-0220,1,Region_7,44,IV,IVnat,NATURAL,PLNLOW NATURAL,10,10150004
NLA06608-0221,1,Region_3,65,IX,IX,MAN-MADE,PLNLOW MAN-MADE,2,2080206
NLA06608-0222,1,Region_8,42,V,V,MAN-MADE,PLNLOW MAN-MADE,10,10110101
NLA06608-0223,1,Region_4,45,IX,IX,MAN-MADE,EHIGH MAN-MADE,3,3070103
NLA06608-0223,2,Region_4,45,IX,IX,MAN-MADE,EHIGH MAN-MADE,3,3070103
NLA06608-0224,1,Region_7,39,XI,XI,MAN-MADE,EHIGH MAN-MADE,8,8020202
NLA06608-0224,2,Region_7,39,XI,XI,MAN-MADE,EHIGH MAN-MADE,8,8020202
NLA06608-0225,1,Region_8,42,V,V,MAN-MADE,PLNLOW MAN-MADE,10,10030104
NLA06608-0225,2,Region_8,42,V,V,MAN-MADE,PLNLOW MAN-MADE,10,10030104
NLA06608-0226,1,Region_1,59,XIV,CPL,MAN-MADE,EHIGH MAN-MADE,1,1070002
NLA06608-0228,1,Region_8,26,IV,IVman,MAN-MADE,PLNLOW MAN-MADE,11,11020008
NLA06608-0228,2,Region_8,26,IV,IVman,MAN-MADE,PLNLOW MAN-MADE,11,11020008
NLA06608-0229,1,Region_2,58,VIII,VIII,NATURAL,EHIGH NATURAL,4,4150305
NLA06608-0234,1,Region_5,56,VII,VII,NATURAL,PLNLOW NATURAL,4,4050006
NLA06608-0235,1,Region_5,56,VII,VII,NATURAL,PLNLOW NATURAL,5,5120106
NLA06608-0237,1,Region_9,13,III,III,MAN-MADE,WMTNS MAN-MADE,15,15010011
NLA06608-0237,2,Region_9,13,III,III,MAN-MADE,WMTNS MAN-MADE,15,15010011
NLA06608-0238,1,Region_5,50,VIII,VIII,NATURAL,PLNLOW NATURAL,7,7010105
NLA06608-0239,1,Region_4,68,XI,XI,MAN-MADE,EHIGH MAN-MADE,6,6020004
NLA06608-0240,1,Region_8,42,V,V,MAN-MADE,PLNLOW MAN-MADE,10,10050004
NLA06608-0241,1,Region_10,80,III,III,MAN-MADE,WMTNS MAN-MADE,16,16010202
NLA06608-0242,1,Region_1,59,XIV,CPL,MAN-MADE,EHIGH MAN-MADE,1,1100001
NLA06608-0243,1,Region_8,43,IV,IVman,MAN-MADE,PLNLOW MAN-MADE,10,10130102
NLA06608-0244,1,Region_6,26,IV,IVman,MAN-MADE,PLNLOW MAN-MADE,11,11130206
NLA06608-0245,1,Region_9,6,III,III,MAN-MADE,WMTNS MAN-MADE,18,18050001
NLA06608-0247,1,Region_8,46,VI,VI,NATURAL,PLNLOW NATURAL,10,10170203
NLA06608-0253,1,Region_4,65,IX,IX,MAN-MADE,PLNLOW MAN-MADE,3,3060203
NLA06608-0254,1,Region_8,46,VI,VI,NATURAL,PLNLOW NATURAL,9,9020201
NLA06608-0255,1,Region_4,68,XI,XI,MAN-MADE,EHIGH MAN-MADE,5,5130108
NLA06608-0257,1,Region_8,15,II,II,MAN-MADE,WMTNS MAN-MADE,17,17010101
NLA06608-0259,1,Region_8,42,V,V,NATURAL,PLNLOW NATURAL,10,10160004
NLA06608-0260,1,Region_6,21,II,II,MAN-MADE,WMTNS MAN-MADE,13,13020102
NLA06608-0268,1,Region_6,29,IX,IX,MAN-MADE,PLNLOW MAN-MADE,11,11100303
NLA06608-0271,1,Region_5,55,VI,VI,NATURAL,PLNLOW NATURAL,5,5080001
NLA06608-0275,1,Region_8,42,V,V,NATURAL,PLNLOW NATURAL,10,10130106
NLA06608-0276,1,Region_8,21,II,II,MAN-MADE,WMTNS MAN-MADE,11,11020002
NLA06608-0277,1,Region_10,12,III,III,MAN-MADE,WMTNS MAN-MADE,17,17040209
NLA06608-0279,1,Region_5,47,VI,VI,NATURAL,PLNLOW NATURAL,7,7020011
NLA06608-0280,1,Region_6,33,IX,IX,MAN-MADE,PLNLOW MAN-MADE,12,12030201
NLA06608-0281,1,Region_4,45,IX,IX,MAN-MADE,EHIGH MAN-MADE,3,3040105
NLA06608-0283,1,Region_4,65,IX,IX,MAN-MADE,PLNLOW MAN-MADE,3,3160106
NLA06608-0284,1,Region_6,27,V,V,MAN-MADE,PLNLOW MAN-MADE,11,11130302
NLA06608-0285,1,Region_3,63,XIV,CPL,MAN-MADE,PLNLOW MAN-MADE,2,2060008
NLA06608-0286,1,Region_5,50,VIII,VIII,NATURAL,PLNLOW NATURAL,4,4030106
NLA06608-0290,1,Region_10,9,II,II,MAN-MADE,WMTNS MAN-MADE,18,18020001
NLA06608-0290,2,Region_10,9,II,II,MAN-MADE,WMTNS MAN-MADE,18,18020001
NLA06608-0291,1,Region_5,53,VII,VII,NATURAL,PLNLOW NATURAL,4,4030201
NLA06608-0293,1,Region_1,59,XIV,CPL,NATURAL,EHIGH NATURAL,1,1100005
NLA06608-0294,1,Region_1,58,VIII,VIII,NATURAL,EHIGH NATURAL,1,1110000
NLA06608-0295,1,Region_8,46,VI,VI,NATURAL,PLNLOW NATURAL,10,10160010
NLA06608-0297,1,Region_4,65,IX,IX,MAN-MADE,PLNLOW MAN-MADE,3,3050204
NLA06608-0299,1,Region_5,56,VII,VII,NATURAL,PLNLOW NATURAL,4,4050001
NLA06608-0302,1,Region_8,46,VI,VI,NATURAL,PLNLOW NATURAL,9,9020101
NLA06608-0303,1,Region_5,55,VI,VI,MAN-MADE,PLNLOW MAN-MADE,4,4100012
NLA06608-0306,1,Region_10,80,III,III,MAN-MADE,WMTNS MAN-MADE,17,17120004
NLA06608-0312,1,Region_7,40,IX,IX,MAN-MADE,PLNLOW MAN-MADE,10,10270104
NLA06608-0313,1,Region_4,65,IX,IX,MAN-MADE,PLNLOW MAN-MADE,3,3040201
NLA06608-0318,1,Region_5,50,VIII,VIII,NATURAL,PLNLOW NATURAL,4,4010201
NLA06608-0319,1,Region_4,45,IX,IX,MAN-MADE,EHIGH MAN-MADE,3,3060101
NLA06608-0324,1,Region_3,69,XI,XI,MAN-MADE,EHIGH MAN-MADE,6,6010205
NLA06608-0325,1,Region_4,75,XII,CPL,NATURAL,PLNLOW NATURAL,3,3080101
NLA06608-0326,1,Region_1,59,XIV,CPL,MAN-MADE,EHIGH MAN-MADE,1,1100003
NLA06608-0327,1,Region_4,73,X,CPL,NATURAL,PLNLOW NATURAL,8,8060204
NLA06608-0328,1,Region_6,35,IX,IX,MAN-MADE,PLNLOW MAN-MADE,11,11140304
NLA06608-0328,2,Region_6,35,IX,IX,MAN-MADE,PLNLOW MAN-MADE,11,11140304
NLA06608-0330,1,Region_5,50,VIII,VIII,NATURAL,PLNLOW NATURAL,4,4070006
NLA06608-0332,1,Region_6,38,XI,XI,MAN-MADE,EHIGH MAN-MADE,11,11110103
NLA06608-0333,1,Region_2,64,IX,IX,MAN-MADE,EHIGH MAN-MADE,2,2030105
NLA06608-0334,1,Region_8,46,VI,VI,NATURAL,PLNLOW NATURAL,9,9010005
NLA06608-0337,1,Region_10,2,II,II,NATURAL,WMTNS NATURAL,17,17110019
NLA06608-0339,1,Region_8,42,V,V,NATURAL,PLNLOW NATURAL,10,10130106
NLA06608-0340,1,Region_6,21,II,II,MAN-MADE,WMTNS MAN-MADE,13,13020201
NLA06608-0341,1,Region_2,83,VII,VII,NATURAL,EHIGH NATURAL,4,4140202
NLA06608-0343,1,Region_8,46,VI,VI,NATURAL,PLNLOW NATURAL,7,7020003
NLA06608-0344,1,Region_7,47,VI,VI,MAN-MADE,PLNLOW MAN-MADE,10,10200203
NLA06608-0345,1,Region_3,45,IX,IX,MAN-MADE,EHIGH MAN-MADE,3,3010103
NLA06608-0350,1,Region_5,50,VIII,VIII,NATURAL,PLNLOW NATURAL,7,7050003
NLA06608-0354,1,Region_1,59,XIV,CPL,MAN-MADE,EHIGH MAN-MADE,1,1070004
NLA06608-0356,1,Region_6,26,IV,IVman,MAN-MADE,PLNLOW MAN-MADE,11,11080001
NLA06608-0357,1,Region_1,58,VIII,VIII,MAN-MADE,EHIGH MAN-MADE,1,1080206
NLA06608-0358,1,Region_1,58,VIII,VIII,NATURAL,EHIGH NATURAL,1,1040001
NLA06608-0359,1,Region_8,46,VI,VI,MAN-MADE,PLNLOW MAN-MADE,7,7020001
NLA06608-0361,1,Region_4,45,IX,IX,MAN-MADE,EHIGH MAN-MADE,3,3050101
NLA06608-0363,1,Region_5,56,VII,VII,MAN-MADE,PLNLOW MAN-MADE,4,4050001
NLA06608-0366,1,Region_5,50,VIII,VIII,NATURAL,PLNLOW NATURAL,7,7010106
NLA06608-0367,1,Region_5,61,VII,VII,MAN-MADE,EHIGH MAN-MADE,4,4110002
NLA06608-0369,1,Region_1,58,VIII,VIII,NATURAL,EHIGH NATURAL,2,2010005
NLA06608-0372,1,Region_8,26,IV,IVman,MAN-MADE,PLNLOW MAN-MADE,11,11020002
NLA06608-0373,1,Region_9,8,II,II,MAN-MADE,WMTNS MAN-MADE,18,18090208
NLA06608-0376,1,Region_6,29,IX,IX,MAN-MADE,PLNLOW MAN-MADE,11,11070107
NLA06608-0377,1,Region_3,67,XI,XI,MAN-MADE,EHIGH MAN-MADE,2,2050301
NLA06608-0378,1,Region_8,42,V,V,MAN-MADE,PLNLOW MAN-MADE,10,10030104
NLA06608-0384,1,Region_8,42,V,V,NATURAL,PLNLOW NATURAL,10,10110101
NLA06608-0385,1,Region_8,42,V,V,NATURAL,PLNLOW NATURAL,10,10030201
NLA06608-0386,1,Region_3,67,XI,XI,MAN-MADE,EHIGH MAN-MADE,2,2050302
NLA06608-0388,1,Region_4,69,XI,XI,MAN-MADE,EHIGH MAN-MADE,5,5130101
NLA06608-0388,2,Region_4,69,XI,XI,MAN-MADE,EHIGH MAN-MADE,5,5130101
NLA06608-0393,1,Region_9,6,III,III,MAN-MADE,WMTNS MAN-MADE,18,18040010
NLA06608-0395,1,Region_4,67,XI,XI,MAN-MADE,EHIGH MAN-MADE,3,3150106
NLA06608-0399,1,Region_5,56,VII,VII,MAN-MADE,PLNLOW MAN-MADE,4,4090005
NLA06608-0401,1,Region_1,82,VIII,VIII,NATURAL,EHIGH NATURAL,1,1010003
NLA06608-0402,1,Region_10,1,II,II,MAN-MADE,WMTNS MAN-MADE,17,17100305
NLA06608-0402,2,Region_10,1,II,II,MAN-MADE,WMTNS MAN-MADE,17,17100305
NLA06608-0403,1,Region_5,50,VIII,VIII,NATURAL,PLNLOW NATURAL,7,7010101
NLA06608-0405,1,Region_3,60,VII,VII,MAN-MADE,EHIGH MAN-MADE,2,2050101
NLA06608-0406,1,Region_10,4,II,II,NATURAL,WMTNS NATURAL,17,17070306
NLA06608-0407,1,Region_8,46,VI,VI,NATURAL,PLNLOW NATURAL,10,10160010
NLA06608-0408,1,Region_6,29,IX,IX,MAN-MADE,PLNLOW MAN-MADE,11,11130303
NLA06608-0413,1,Region_3,45,IX,IX,MAN-MADE,EHIGH MAN-MADE,3,3010204
NLA06608-0414,1,Region_5,50,VIII,VIII,NATURAL,PLNLOW NATURAL,7,7030002
NLA06608-0418,1,Region_1,58,VIII,VIII,NATURAL,EHIGH NATURAL,1,1070003
NLA06608-0421,1,Region_2,83,VII,VII,MAN-MADE,EHIGH MAN-MADE,2,2020003
NLA06608-0425,1,Region_8,19,II,II,MAN-MADE,WMTNS MAN-MADE,16,16030002
NLA06608-0426,1,Region_5,50,VIII,VIII,NATURAL,PLNLOW NATURAL,4,4080202
NLA06608-0432,1,Region_4,74,IX,IX,MAN-MADE,PLNLOW MAN-MADE,8,8030204
NLA06608-0433,1,Region_1,83,VII,VII,NATURAL,EHIGH NATURAL,2,2010000
NLA06608-0435,1,Region_5,50,VIII,VIII,MAN-MADE,PLNLOW MAN-MADE,7,7050005
NLA06608-0436,1,Region_6,36,XI,XI,MAN-MADE,EHIGH MAN-MADE,8,8040101
NLA06608-0439,1,Region_8,42,V,V,NATURAL,PLNLOW NATURAL,10,10160007
NLA06608-0440,1,Region_6,27,V,V,MAN-MADE,PLNLOW MAN-MADE,11,11060006
NLA06608-0442,1,Region_8,42,V,V,NATURAL,PLNLOW NATURAL,10,10110101
NLA06608-0444,1,Region_4,74,IX,IX,MAN-MADE,PLNLOW MAN-MADE,8,8030203
NLA06608-0445,1,Region_5,70,XI,XI,MAN-MADE,EHIGH MAN-MADE,5,5030106
NLA06608-0447,1,Region_4,70,XI,XI,MAN-MADE,EHIGH MAN-MADE,5,5090104
NLA06608-0449,1,Region_10,15,II,II,NATURAL,WMTNS NATURAL,17,17020003
NLA06608-0452,1,Region_8,25,V,V,MAN-MADE,PLNLOW MAN-MADE,10,10190004
NLA06608-0453,1,Region_4,75,XII,CPL,NATURAL,PLNLOW NATURAL,3,3080102
NLA06608-0454,1,Region_1,59,XIV,CPL,MAN-MADE,EHIGH MAN-MADE,1,1090004
NLA06608-0456,1,Region_6,32,V,V,MAN-MADE,PLNLOW MAN-MADE,12,12030106
NLA06608-0458,1,Region_4,65,IX,IX,MAN-MADE,PLNLOW MAN-MADE,3,3110204
NLA06608-0459,1,Region_4,68,XI,XI,MAN-MADE,EHIGH MAN-MADE,3,3160109
NLA06608-0462,1,Region_5,50,VIII,VIII,NATURAL,PLNLOW NATURAL,7,7070001
NLA06608-0463,1,Region_5,56,VII,VII,MAN-MADE,PLNLOW MAN-MADE,4,4090005
NLA06608-0467,1,Region_5,53,VII,VII,NATURAL,PLNLOW NATURAL,4,4030201
NLA06608-0468,1,Region_8,21,II,II,NATURAL,WMTNS NATURAL,14,14010004
NLA06608-0469,1,Region_3,60,VII,VII,NATURAL,EHIGH NATURAL,2,2040101
NLA06608-0470,1,Region_1,58,VIII,VIII,NATURAL,EHIGH NATURAL,1,1070002
NLA06608-0471,1,Region_8,46,VI,VI,NATURAL,PLNLOW NATURAL,10,10160010
NLA06608-0472,1,Region_6,37,IX,IX,MAN-MADE,EHIGH MAN-MADE,11,11140103
NLA06608-0473,1,Region_4,45,IX,IX,MAN-MADE,EHIGH MAN-MADE,3,3040103
NLA06608-0479,1,Region_5,55,VI,VI,NATURAL,PLNLOW NATURAL,5,5060001
NLA06608-0480,1,Region_7,39,XI,XI,MAN-MADE,EHIGH MAN-MADE,7,7140104
NLA06608-0480,2,Region_7,39,XI,XI,MAN-MADE,EHIGH MAN-MADE,7,7140104
NLA06608-0483,1,Region_6,24,III,III,MAN-MADE,WMTNS MAN-MADE,13,13040212
NLA06608-0484,1,Region_4,65,IX,IX,MAN-MADE,PLNLOW MAN-MADE,8,8010203
NLA06608-0488,1,Region_7,29,IX,IX,MAN-MADE,PLNLOW MAN-MADE,11,11070106
NLA06608-0489,1,Region_3,64,IX,IX,MAN-MADE,EHIGH MAN-MADE,2,2080103
NLA06608-0491,1,Region_5,56,VII,VII,NATURAL,PLNLOW NATURAL,4,4050001
NLA06608-0493,1,Region_3,64,IX,IX,MAN-MADE,EHIGH MAN-MADE,2,2070010
NLA06608-0494,1,Region_5,50,VIII,VIII,NATURAL,PLNLOW NATURAL,7,7010105
NLA06608-0495,1,Region_8,21,II,II,MAN-MADE,WMTNS MAN-MADE,14,14020002
NLA06608-0496,1,Region_8,42,V,V,MAN-MADE,PLNLOW MAN-MADE,10,10050010
NLA06608-0497,1,Region_10,13,III,III,MAN-MADE,WMTNS MAN-MADE,16,16010202
NLA06608-0498,1,Region_1,59,XIV,CPL,NATURAL,EHIGH NATURAL,1,1100001
NLA06608-0500,1,Region_6,36,XI,XI,MAN-MADE,EHIGH MAN-MADE,11,11140109
NLA06608-0501,1,Region_9,6,III,III,MAN-MADE,WMTNS MAN-MADE,18,18050005
NLA06608-0502,1,Region_5,56,VII,VII,NATURAL,PLNLOW NATURAL,4,4080203
NLA06608-0503,1,Region_8,46,VI,VI,NATURAL,PLNLOW NATURAL,10,10170102
NLA06608-0508,1,Region_4,73,X,CPL,MAN-MADE,PLNLOW MAN-MADE,8,8030207
NLA06608-0509,1,Region_3,70,XI,XI,MAN-MADE,EHIGH MAN-MADE,5,5010008
NLA06608-0510,1,Region_8,46,VI,VI,NATURAL,PLNLOW NATURAL,9,9020201
NLA06608-0511,1,Region_8,21,II,II,MAN-MADE,WMTNS MAN-MADE,14,14020002
NLA06608-0512,1,Region_8,46,VI,VI,NATURAL,PLNLOW NATURAL,9,9010004
NLA06608-0514,1,Region_3,67,XI,XI,MAN-MADE,EHIGH MAN-MADE,2,2050303
NLA06608-0515,1,Region_8,42,V,V,NATURAL,PLNLOW NATURAL,10,10160004
NLA06608-0523,1,Region_8,46,VI,VI,NATURAL,PLNLOW NATURAL,10,10170203
NLA06608-0526,1,Region_5,50,VIII,VIII,NATURAL,PLNLOW NATURAL,9,9030001
NLA06608-0528,1,Region_7,27,V,V,MAN-MADE,PLNLOW MAN-MADE,10,10200101
NLA06608-0529,1,Region_10,10,III,III,NATURAL,WMTNS NATURAL,17,17020015
NLA06608-0530,1,Region_4,75,XII,CPL,MAN-MADE,PLNLOW MAN-MADE,3,3070203
NLA06608-0531,1,Region_8,42,V,V,NATURAL,PLNLOW NATURAL,10,10130106
NLA06608-0533,1,Region_2,60,VII,VII,MAN-MADE,EHIGH MAN-MADE,5,5010001
NLA06608-0537,1,Region_3,69,XI,XI,MAN-MADE,EHIGH MAN-MADE,5,5050004
NLA06608-0540,1,Region_6,27,V,V,MAN-MADE,PLNLOW MAN-MADE,11,11120303
NLA06608-0541,1,Region_3,45,IX,IX,MAN-MADE,EHIGH MAN-MADE,2,2070008
NLA06608-0542,1,Region_5,50,VIII,VIII,NATURAL,PLNLOW NATURAL,4,4030108
NLA06608-0546,1,Region_1,59,XIV,CPL,NATURAL,EHIGH NATURAL,1,1070005
NLA06608-0547,1,Region_5,51,VII,VII,MAN-MADE,PLNLOW MAN-MADE,7,7070003
NLA06608-0550,1,Region_1,58,VIII,VIII,NATURAL,EHIGH NATURAL,1,1080104
NLA06608-0551,1,Region_5,51,VII,VII,NATURAL,PLNLOW NATURAL,7,7010204
NLA06608-0555,1,Region_5,56,VII,VII,NATURAL,PLNLOW NATURAL,4,4050001
NLA06608-0558,1,Region_5,51,VII,VII,NATURAL,PLNLOW NATURAL,9,9020106
NLA06608-0560,1,Region_6,26,IV,IVman,MAN-MADE,PLNLOW MAN-MADE,11,11090106
NLA06608-0561,1,Region_10,16,II,II,NATURAL,WMTNS NATURAL,17,17050123
NLA06608-0562,1,Region_1,59,XIV,CPL,MAN-MADE,EHIGH MAN-MADE,1,1090004
NLA06608-0562,2,Region_1,59,XIV,CPL,MAN-MADE,EHIGH MAN-MADE,1,1090004
NLA06608-0564,1,Region_6,22,III,III,MAN-MADE,WMTNS MAN-MADE,13,13020101
NLA06608-0565,1,Region_9,6,III,III,MAN-MADE,WMTNS MAN-MADE,18,18050003
NLA06608-0569,1,Region_9,23,II,II,MAN-MADE,WMTNS MAN-MADE,15,15060202
NLA06608-0570,1,Region_8,43,IV,IVman,MAN-MADE,PLNLOW MAN-MADE,10,10070006
NLA06608-0579,1,Region_8,42,V,V,NATURAL,PLNLOW NATURAL,10,10130103
NLA06608-0580,1,Region_3,69,XI,XI,MAN-MADE,EHIGH MAN-MADE,5,5070202
NLA06608-0581,1,Region_10,12,III,III,MAN-MADE,WMTNS MAN-MADE,17,17040219
NLA06608-0582,1,Region_1,59,XIV,CPL,MAN-MADE,EHIGH MAN-MADE,1,1080205
NLA06608-0583,1,Region_4,73,X,CPL,NATURAL,PLNLOW NATURAL,8,8060100
NLA06608-0585,1,Region_9,13,III,III,MAN-MADE,WMTNS MAN-MADE,16,16050203
NLA06608-0587,1,Region_5,56,VII,VII,NATURAL,PLNLOW NATURAL,7,7120001
NLA06608-0587,2,Region_5,56,VII,VII,NATURAL,PLNLOW NATURAL,7,7120001
NLA06608-0588,1,Region_7,27,V,V,MAN-MADE,PLNLOW MAN-MADE,10,10250017
NLA06608-0590,1,Region_5,50,VIII,VIII,NATURAL,PLNLOW NATURAL,7,7070001
NLA06608-0591,1,Region_4,45,IX,IX,MAN-MADE,EHIGH MAN-MADE,3,3150104
NLA06608-0593,1,Region_10,2,II,II,MAN-MADE,WMTNS MAN-MADE,17,17110002
NLA06608-0594,1,Region_4,65,IX,IX,MAN-MADE,PLNLOW MAN-MADE,3,3060203
NLA06608-0595,1,Region_8,42,V,V,NATURAL,PLNLOW NATURAL,10,10130106
NLA06608-0596,1,Region_8,21,II,II,MAN-MADE,WMTNS MAN-MADE,11,11020001
NLA06608-0597,1,Region_10,12,III,III,MAN-MADE,WMTNS MAN-MADE,17,17050114
NLA06608-0599,1,Region_6,33,IX,IX,MAN-MADE,PLNLOW MAN-MADE,12,12070102
NLA06608-0606,1,Region_5,50,VIII,VIII,NATURAL,PLNLOW NATURAL,7,7050002
NLA06608-0608,1,Region_7,73,X,CPL,NATURAL,PLNLOW NATURAL,8,8010100
NLA06608-0609,1,Region_4,75,XII,CPL,NATURAL,PLNLOW NATURAL,3,3100205
NLA06608-0610,1,Region_1,59,XIV,CPL,NATURAL,EHIGH NATURAL,1,1070002
NLA06608-0611,1,Region_5,53,VII,VII,NATURAL,PLNLOW NATURAL,7,7090001
NLA06608-0614,1,Region_10,78,II,II,MAN-MADE,WMTNS MAN-MADE,17,17100301
NLA06608-0616,1,Region_6,27,V,V,MAN-MADE,PLNLOW MAN-MADE,11,11050001
NLA06608-0617,1,Region_9,23,II,II,MAN-MADE,WMTNS MAN-MADE,15,15020015
NLA06608-0618,1,Region_4,65,IX,IX,MAN-MADE,PLNLOW MAN-MADE,3,3140301
NLA06608-0619,1,Region_5,56,VII,VII,NATURAL,PLNLOW NATURAL,4,4050003
NLA06608-0622,1,Region_5,51,VII,VII,NATURAL,PLNLOW NATURAL,7,7010108
NLA06608-0623,1,Region_5,61,VII,VII,MAN-MADE,EHIGH MAN-MADE,4,4110002
NLA06608-0624,1,Region_5,54,VI,VI,MAN-MADE,PLNLOW MAN-MADE,7,7140201
NLA06608-0625,1,Region_10,11,II,II,NATURAL,WMTNS NATURAL,17,17050203
NLA06608-0627,1,Region_5,51,VII,VII,NATURAL,PLNLOW NATURAL,4,4030104
NLA06608-0628,1,Region_6,26,IV,IVman,MAN-MADE,PLNLOW MAN-MADE,11,11080004
NLA06608-0630,1,Region_5,50,VIII,VIII,NATURAL,PLNLOW NATURAL,4,4030110
NLA06608-0632,1,Region_7,40,IX,IX,MAN-MADE,PLNLOW MAN-MADE,10,10290102
NLA06608-0634,1,Region_8,42,V,V,NATURAL,PLNLOW NATURAL,9,9010001
NLA06608-0635,1,Region_8,25,V,V,MAN-MADE,PLNLOW MAN-MADE,10,10190006
NLA06608-0637,1,Region_8,19,II,II,MAN-MADE,WMTNS MAN-MADE,14,14060004
NLA06608-0641,1,Region_10,15,II,II,NATURAL,WMTNS NATURAL,17,17020003
NLA06608-0648,1,Region_7,44,IV,IVnat,NATURAL,PLNLOW NATURAL,10,10220001
NLA06608-0649,1,Region_9,5,II,II,MAN-MADE,WMTNS MAN-MADE,18,18040010
NLA06608-0650,1,Region_10,17,II,II,NATURAL,WMTNS NATURAL,17,17040202
NLA06608-0651,1,Region_4,67,XI,XI,MAN-MADE,EHIGH MAN-MADE,3,3150202
NLA06608-0654,1,Region_5,50,VIII,VIII,NATURAL,PLNLOW NATURAL,7,7070001
NLA06608-0657,1,Region_1,58,VIII,VIII,NATURAL,EHIGH NATURAL,1,1020002
NLA06608-0658,1,Region_10,1,II,II,NATURAL,WMTNS NATURAL,17,17100206
NLA06608-0659,1,Region_8,46,VI,VI,MAN-MADE,PLNLOW MAN-MADE,9,9020308
NLA06608-0660,1,Region_5,55,VI,VI,NATURAL,PLNLOW NATURAL,5,5120201
NLA06608-0661,1,Region_3,60,VII,VII,MAN-MADE,EHIGH MAN-MADE,2,2050106
NLA06608-0662,1,Region_1,58,VIII,VIII,NATURAL,EHIGH NATURAL,1,1080101
NLA06608-0663,1,Region_8,46,VI,VI,NATURAL,PLNLOW NATURAL,10,10170201
NLA06608-0665,1,Region_4,65,IX,IX,MAN-MADE,PLNLOW MAN-MADE,3,3030004
NLA06608-0671,1,Region_8,19,II,II,NATURAL,WMTNS NATURAL,14,14060003
NLA06608-0672,1,Region_5,72,IX,IX,NATURAL,PLNLOW NATURAL,7,7140101
NLA06608-0674,1,Region_1,58,VIII,VIII,NATURAL,EHIGH NATURAL,1,1080203
NLA06608-0677,1,Region_10,80,III,III,NATURAL,WMTNS NATURAL,17,17120009
NLA06608-0678,1,Region_10,4,II,II,NATURAL,WMTNS NATURAL,17,17070301
NLA06608-0679,1,Region_5,51,VII,VII,NATURAL,PLNLOW NATURAL,7,7010206
NLA06608-0681,1,Region_3,70,XI,XI,MAN-MADE,EHIGH MAN-MADE,5,5030203
NLA06608-0686,1,Region_5,51,VII,VII,NATURAL,PLNLOW NATURAL,7,7020005
NLA06608-0687,1,Region_8,21,II,II,MAN-MADE,WMTNS MAN-MADE,14,14020005
NLA06608-0690,1,Region_1,59,XIV,CPL,MAN-MADE,EHIGH MAN-MADE,1,1090003
NLA06608-0690,2,Region_1,59,XIV,CPL,MAN-MADE,EHIGH MAN-MADE,1,1090003
NLA06608-0692,1,Region_7,27,V,V,MAN-MADE,PLNLOW MAN-MADE,10,10200101
NLA06608-0693,1,Region_9,6,III,III,MAN-MADE,WMTNS MAN-MADE,18,18040006
NLA06608-0696,1,Region_6,27,V,V,MAN-MADE,PLNLOW MAN-MADE,11,11130303
NLA06608-0707,1,Region_8,42,V,V,NATURAL,PLNLOW NATURAL,10,10130103
NLA06608-0709,1,Region_4,75,XII,CPL,NATURAL,PLNLOW NATURAL,3,3080102
NLA06608-0710,1,Region_1,84,XIV,CPL,NATURAL,PLNLOW NATURAL,1,1090002
NLA06608-0711,1,Region_6,35,IX,IX,MAN-MADE,PLNLOW MAN-MADE,8,8080204
NLA06608-0712,1,Region_6,29,IX,IX,MAN-MADE,PLNLOW MAN-MADE,12,12060202
NLA06608-0713,1,Region_9,5,II,II,MAN-MADE,WMTNS MAN-MADE,16,16050102
NLA06608-0715,1,Region_8,21,II,II,MAN-MADE,WMTNS MAN-MADE,10,10190005
NLA06608-0717,1,Region_3,63,XIV,CPL,MAN-MADE,PLNLOW MAN-MADE,2,2040207
NLA06608-0718,1,Region_8,43,IV,IVnat,NATURAL,PLNLOW NATURAL,10,10130204
NLA06608-0720,1,Region_7,27,V,V,MAN-MADE,PLNLOW MAN-MADE,10,10250015
NLA06608-0721,1,Region_10,4,II,II,MAN-MADE,WMTNS MAN-MADE,17,17080005
NLA06608-0723,1,Region_7,44,IV,IVnat,NATURAL,PLNLOW NATURAL,10,10150003
NLA06608-0724,1,Region_5,55,VI,VI,MAN-MADE,PLNLOW MAN-MADE,5,5120204
NLA06608-0726,1,Region_1,58,VIII,VIII,NATURAL,EHIGH NATURAL,1,1060002
NLA06608-0727,1,Region_8,46,VI,VI,NATURAL,PLNLOW NATURAL,10,10160010
NLA06608-0731,1,Region_5,56,VII,VII,NATURAL,PLNLOW NATURAL,4,4050001
NLA06608-0733,1,Region_9,13,III,III,MAN-MADE,WMTNS MAN-MADE,15,15010011
NLA06608-0734,1,Region_5,50,VIII,VIII,NATURAL,PLNLOW NATURAL,4,4020103
NLA06608-0738,1,Region_1,58,VIII,VIII,NATURAL,EHIGH NATURAL,1,1070003
NLA06608-0743,1,Region_5,51,VII,VII,NATURAL,PLNLOW NATURAL,7,7010203
NLA06608-0744,1,Region_7,28,IV,IVman,MAN-MADE,PLNLOW MAN-MADE,11,11070104
NLA06608-0749,1,Region_3,45,IX,IX,MAN-MADE,EHIGH MAN-MADE,2,2080105
NLA06608-0751,1,Region_4,66,XI,XI,MAN-MADE,EHIGH MAN-MADE,6,6020003
NLA06608-0753,1,Region_2,61,VII,VII,NATURAL,EHIGH NATURAL,5,5010002
NLA06608-0754,1,Region_1,59,XIV,CPL,NATURAL,EHIGH NATURAL,1,1090003
NLA06608-0755,1,Region_8,42,V,V,MAN-MADE,PLNLOW MAN-MADE,10,10130105
NLA06608-0756,1,Region_6,29,IX,IX,MAN-MADE,PLNLOW MAN-MADE,11,11130303
NLA06608-0759,1,Region_5,47,VI,VI,NATURAL,PLNLOW NATURAL,7,7100003
NLA06608-0761,1,Region_2,64,IX,IX,MAN-MADE,EHIGH MAN-MADE,2,2030104
NLA06608-0762,1,Region_8,42,V,V,NATURAL,PLNLOW NATURAL,10,10130101
NLA06608-0764,1,Region_7,25,V,V,MAN-MADE,PLNLOW MAN-MADE,10,10180014
NLA06608-0765,1,Region_3,69,XI,XI,MAN-MADE,EHIGH MAN-MADE,5,5010007
NLA06608-0766,1,Region_8,46,VI,VI,NATURAL,PLNLOW NATURAL,10,10160003
NLA06608-0769,1,Region_10,15,II,II,NATURAL,WMTNS NATURAL,17,17010303
NLA06608-0770,1,Region_9,81,III,III,MAN-MADE,WMTNS MAN-MADE,15,15060106
NLA06608-0771,1,Region_5,50,VIII,VIII,NATURAL,PLNLOW NATURAL,7,7010104
NLA06608-0775,1,Region_6,27,V,V,MAN-MADE,PLNLOW MAN-MADE,12,12090106
NLA06608-0779,1,Region_8,46,VI,VI,NATURAL,PLNLOW NATURAL,10,10160011
NLA06608-0781,1,Region_2,58,VIII,VIII,MAN-MADE,EHIGH MAN-MADE,2,2040105
NLA06608-0782,1,Region_5,50,VIII,VIII,NATURAL,PLNLOW NATURAL,9,9030001
NLA06608-0783,1,Region_5,55,VI,VI,MAN-MADE,PLNLOW MAN-MADE,5,5080001
NLA06608-0785,1,Region_10,10,III,III,MAN-MADE,WMTNS MAN-MADE,17,17020015
NLA06608-0792,1,Region_6,29,IX,IX,MAN-MADE,PLNLOW MAN-MADE,12,12030103
NLA06608-0793,1,Region_3,69,XI,XI,MAN-MADE,EHIGH MAN-MADE,5,5050004
NLA06608-0794,1,Region_8,17,II,II,NATURAL,WMTNS NATURAL,14,14040102
NLA06608-0794,2,Region_8,17,II,II,NATURAL,WMTNS NATURAL,14,14040102
NLA06608-0797,1,Region_9,13,III,III,MAN-MADE,WMTNS MAN-MADE,16,16060008
NLA06608-0802,1,Region_1,58,VIII,VIII,NATURAL,EHIGH NATURAL,1,1080202
NLA06608-0804,1,Region_4,72,IX,IX,MAN-MADE,PLNLOW MAN-MADE,5,5140205
NLA06608-0805,1,Region_1,58,VIII,VIII,MAN-MADE,EHIGH MAN-MADE,1,1100005
NLA06608-0806,1,Region_1,58,VIII,VIII,NATURAL,EHIGH NATURAL,2,2010003
NLA06608-0807,1,Region_8,46,VI,VI,NATURAL,PLNLOW NATURAL,10,10160010
NLA06608-0808,1,Region_7,40,IX,IX,MAN-MADE,PLNLOW MAN-MADE,10,10290105
NLA06608-0809,1,Region_9,23,II,II,MAN-MADE,WMTNS MAN-MADE,15,15020005
NLA06608-0811,1,Region_5,56,VII,VII,NATURAL,PLNLOW NATURAL,4,4050001
NLA06608-0812,1,Region_4,74,IX,IX,MAN-MADE,PLNLOW MAN-MADE,8,8060203
NLA06608-0815,1,Region_4,65,IX,IX,MAN-MADE,PLNLOW MAN-MADE,3,3130007
NLA06608-0820,1,Region_4,71,IX,IX,MAN-MADE,EHIGH MAN-MADE,5,5130108
NLA06608-0823,1,Region_5,51,VII,VII,NATURAL,PLNLOW NATURAL,7,7030005
NLA06608-0824,1,Region_6,28,IV,IVman,MAN-MADE,PLNLOW MAN-MADE,11,11070107
NLA06608-0825,1,Region_8,13,III,III,MAN-MADE,WMTNS MAN-MADE,16,16030006
NLA06608-0827,1,Region_8,25,V,V,MAN-MADE,PLNLOW MAN-MADE,10,10190005
NLA06608-0828,1,Region_4,73,X,CPL,NATURAL,PLNLOW NATURAL,8,8030206
NLA06608-0830,1,Region_8,42,V,V,NATURAL,PLNLOW NATURAL,10,10160002
NLA06608-0831,1,Region_4,66,XI,XI,MAN-MADE,EHIGH MAN-MADE,3,3050109
NLA06608-0833,1,Region_8,41,II,II,NATURAL,WMTNS NATURAL,10,10010001
NLA06608-0834,1,Region_9,23,II,II,MAN-MADE,WMTNS MAN-MADE,15,15060106
NLA06608-0836,1,Region_9,22,III,III,MAN-MADE,WMTNS MAN-MADE,15,15020011
NLA06608-0837,1,Region_10,12,III,III,NATURAL,WMTNS NATURAL,17,17040221
NLA06608-0842,1,Region_8,17,II,II,NATURAL,WMTNS NATURAL,10,10070006
NLA06608-0843,1,Region_4,68,XI,XI,MAN-MADE,EHIGH MAN-MADE,3,3160112
NLA06608-0846,1,Region_5,50,VIII,VIII,MAN-MADE,PLNLOW MAN-MADE,7,7070001
NLA06608-0847,1,Region_5,55,VI,VI,MAN-MADE,PLNLOW MAN-MADE,4,4100004
NLA06608-0849,1,Region_10,1,II,II,NATURAL,WMTNS NATURAL,17,17100101
NLA06608-0850,1,Region_8,19,II,II,MAN-MADE,WMTNS MAN-MADE,16,16020101
NLA06608-0851,1,Region_8,42,V,V,NATURAL,PLNLOW NATURAL,10,10130106
NLA06608-0856,1,Region_6,29,IX,IX,MAN-MADE,PLNLOW MAN-MADE,11,11130303
NLA06608-0857,1,Region_4,45,IX,IX,MAN-MADE,EHIGH MAN-MADE,3,3030002
NLA06608-0859,1,Region_5,53,VII,VII,NATURAL,PLNLOW NATURAL,7,7120006
NLA06608-0860,1,Region_7,47,VI,VI,MAN-MADE,PLNLOW MAN-MADE,7,7080208
NLA06608-0860,2,Region_7,47,VI,VI,MAN-MADE,PLNLOW MAN-MADE,7,7080208
NLA06608-0862,1,Region_5,50,VIII,VIII,NATURAL,PLNLOW NATURAL,7,7050002
NLA06608-0863,1,Region_5,70,XI,XI,MAN-MADE,EHIGH MAN-MADE,5,5040001
NLA06608-0864,1,Region_8,26,IV,IVman,MAN-MADE,PLNLOW MAN-MADE,11,11020009
NLA06608-0865,1,Region_4,75,XII,CPL,NATURAL,PLNLOW NATURAL,3,3100101
NLA06608-0868,1,Region_4,72,IX,IX,MAN-MADE,PLNLOW MAN-MADE,5,5140202
NLA06608-0869,1,Region_3,62,VIII,VIII,MAN-MADE,EHIGH MAN-MADE,2,2040104
NLA06608-0870,1,Region_10,4,II,II,MAN-MADE,WMTNS MAN-MADE,17,17090004
NLA06608-0871,1,Region_5,46,VI,VI,NATURAL,PLNLOW NATURAL,7,7020002
NLA06608-0872,1,Region_7,27,V,V,MAN-MADE,PLNLOW MAN-MADE,11,11030017
NLA06608-0873,1,Region_9,23,II,II,MAN-MADE,WMTNS MAN-MADE,15,15020008
NLA06608-0874,1,Region_5,56,VII,VII,NATURAL,PLNLOW NATURAL,4,4060101
NLA06608-0875,1,Region_5,56,VII,VII,NATURAL,PLNLOW NATURAL,4,4050003
NLA06608-0877,1,Region_9,81,III,III,MAN-MADE,WMTNS MAN-MADE,15,15030104
NLA06608-0878,1,Region_5,51,VII,VII,NATURAL,PLNLOW NATURAL,7,7010107
NLA06608-0880,1,Region_8,25,V,V,MAN-MADE,PLNLOW MAN-MADE,10,10250003
NLA06608-0881,1,Region_10,11,II,II,MAN-MADE,WMTNS MAN-MADE,17,17050203
NLA06608-0885,1,Region_9,6,III,III,MAN-MADE,WMTNS MAN-MADE,18,18070203
NLA06608-0889,1,Region_9,13,III,III,MAN-MADE,WMTNS MAN-MADE,16,16040106
NLA06608-0890,1,Region_5,50,VIII,VIII,NATURAL,PLNLOW NATURAL,4,4010101
NLA06608-0891,1,Region_7,25,V,V,MAN-MADE,PLNLOW MAN-MADE,10,10190016
NLA06608-0893,1,Region_5,70,XI,XI,MAN-MADE,EHIGH MAN-MADE,5,5040001
NLA06608-0895,1,Region_9,23,II,II,MAN-MADE,WMTNS MAN-MADE,15,15020002
NLA06608-0899,1,Region_8,42,V,V,NATURAL,PLNLOW NATURAL,10,10130103
NLA06608-0900,1,Region_5,72,IX,IX,MAN-MADE,PLNLOW MAN-MADE,5,5120115
NLA06608-0904,1,Region_7,47,VI,VI,NATURAL,PLNLOW NATURAL,10,10230001
NLA06608-0905,1,Region_9,5,II,II,MAN-MADE,WMTNS MAN-MADE,16,16050101
NLA06608-0906,1,Region_8,17,II,II,NATURAL,WMTNS NATURAL,17,17040103
NLA06608-0913,1,Region_1,58,VIII,VIII,NATURAL,EHIGH NATURAL,1,1010002
NLA06608-0914,1,Region_1,82,VIII,VIII,NATURAL,EHIGH NATURAL,1,1050002
NLA06608-0915,1,Region_5,51,VII,VII,NATURAL,PLNLOW NATURAL,9,9020301
NLA06608-0916,1,Region_8,21,II,II,MAN-MADE,WMTNS MAN-MADE,11,11020002
NLA06608-0918,1,Region_1,58,VIII,VIII,NATURAL,EHIGH NATURAL,1,1030001
NLA06608-0921,1,Region_4,45,IX,IX,MAN-MADE,EHIGH MAN-MADE,3,3020201
NLA06608-0922,1,Region_8,43,IV,IVman,MAN-MADE,PLNLOW MAN-MADE,10,10090206
NLA06608-0924,1,Region_7,44,IV,IVnat,NATURAL,PLNLOW NATURAL,10,10150004
NLA06608-0925,1,Region_9,14,III,III,MAN-MADE,WMTNS MAN-MADE,15,15010015
NLA06608-0926,1,Region_5,50,VIII,VIII,NATURAL,PLNLOW NATURAL,7,7030002
NLA06608-0927,1,Region_8,20,III,III,NATURAL,WMTNS NATURAL,14,14060002
NLA06608-0929,1,Region_8,17,II,II,MAN-MADE,WMTNS MAN-MADE,17,17010202
NLA06608-0930,1,Region_1,58,VIII,VIII,NATURAL,EHIGH NATURAL,1,1070002
NLA06608-0933,1,Region_10,11,II,II,MAN-MADE,WMTNS MAN-MADE,17,17050116
NLA06608-0934,1,Region_10,4,II,II,NATURAL,WMTNS NATURAL,17,17090001
NLA06608-0935,1,Region_5,51,VII,VII,NATURAL,PLNLOW NATURAL,7,7020012
NLA06608-0938,1,Region_5,56,VII,VII,NATURAL,PLNLOW NATURAL,4,4060102
NLA06608-0940,1,Region_7,25,V,V,MAN-MADE,PLNLOW MAN-MADE,10,10180009
NLA06608-0942,1,Region_5,50,VIII,VIII,NATURAL,PLNLOW NATURAL,7,7010102
NLA06608-0943,1,Region_4,66,XI,XI,MAN-MADE,EHIGH MAN-MADE,6,6020003
NLA06608-0944,1,Region_8,42,V,V,MAN-MADE,PLNLOW MAN-MADE,10,10050004
NLA06608-0946,1,Region_1,59,XIV,CPL,MAN-MADE,EHIGH MAN-MADE,1,1100002
NLA06608-0950,1,Region_8,18,III,III,MAN-MADE,WMTNS MAN-MADE,10,10080001
NLA06608-0955,1,Region_8,21,II,II,MAN-MADE,WMTNS MAN-MADE,10,10190009
NLA06608-0957,1,Region_3,70,XI,XI,MAN-MADE,EHIGH MAN-MADE,5,5020002
NLA06608-0958,1,Region_5,50,VIII,VIII,NATURAL,PLNLOW NATURAL,7,7010103
NLA06608-0961,1,Region_10,15,II,II,NATURAL,WMTNS NATURAL,17,17010303
NLA06608-0962,1,Region_8,19,II,II,MAN-MADE,WMTNS MAN-MADE,16,16010203
NLA06608-0967,1,Region_8,42,V,V,MAN-MADE,PLNLOW MAN-MADE,10,10140101
NLA06608-0968,1,Region_7,47,VI,VI,NATURAL,PLNLOW NATURAL,7,7100006
NLA06608-0970,1,Region_8,17,II,II,NATURAL,WMTNS NATURAL,14,14040102
NLA06608-0971,1,Region_5,55,VI,VI,MAN-MADE,PLNLOW MAN-MADE,5,5120201
NLA06608-0972,1,Region_6,27,V,V,MAN-MADE,PLNLOW MAN-MADE,11,11100301
NLA06608-0974,1,Region_5,50,VIII,VIII,NATURAL,PLNLOW NATURAL,4,4030107
NLA06608-0979,1,Region_8,17,II,II,MAN-MADE,WMTNS MAN-MADE,10,10120109
NLA06608-0980,1,Region_5,72,IX,IX,MAN-MADE,PLNLOW MAN-MADE,5,5140203
NLA06608-0982,1,Region_1,58,VIII,VIII,NATURAL,EHIGH NATURAL,1,1080101
NLA06608-0984,1,Region_6,35,IX,IX,MAN-MADE,PLNLOW MAN-MADE,11,11140106
NLA06608-0986,1,Region_4,65,IX,IX,MAN-MADE,PLNLOW MAN-MADE,3,3170007
NLA06608-0987,1,Region_5,56,VII,VII,NATURAL,PLNLOW NATURAL,4,4050001
NLA06608-0989,1,Region_3,45,IX,IX,MAN-MADE,EHIGH MAN-MADE,3,3010201
NLA06608-0990,1,Region_5,50,VIII,VIII,NATURAL,PLNLOW NATURAL,7,7010104
NLA06608-0993,1,Region_2,58,VIII,VIII,NATURAL,EHIGH NATURAL,4,4150305
NLA06608-0994,1,Region_1,58,VIII,VIII,NATURAL,EHIGH NATURAL,1,1070003
NLA06608-0996,1,Region_6,26,IV,IVman,MAN-MADE,PLNLOW MAN-MADE,11,11080002
NLA06608-0997,1,Region_1,83,VII,VII,NATURAL,EHIGH NATURAL,2,2010001
NLA06608-1001,1,Region_4,65,IX,IX,MAN-MADE,PLNLOW MAN-MADE,3,3050104
NLA06608-1002,1,Region_8,43,IV,IVman,MAN-MADE,PLNLOW MAN-MADE,10,10040101
NLA06608-1003,1,Region_5,56,VII,VII,NATURAL,PLNLOW NATURAL,4,4050001
NLA06608-1005,1,Region_3,45,IX,IX,MAN-MADE,EHIGH MAN-MADE,2,2080106
NLA06608-1006,1,Region_8,42,V,V,NATURAL,PLNLOW NATURAL,10,10130103
NLA06608-1007,1,Region_5,55,VI,VI,MAN-MADE,PLNLOW MAN-MADE,5,5090201
NLA06608-1008,1,Region_8,42,V,V,MAN-MADE,PLNLOW MAN-MADE,10,10030205
NLA06608-1010,1,Region_1,59,XIV,CPL,MAN-MADE,EHIGH MAN-MADE,1,1100005
NLA06608-1012,1,Region_7,40,IX,IX,MAN-MADE,PLNLOW MAN-MADE,10,10280102
NLA06608-1014,1,Region_5,56,VII,VII,NATURAL,PLNLOW NATURAL,4,4080203
NLA06608-1015,1,Region_7,47,VI,VI,NATURAL,PLNLOW NATURAL,7,7100002
NLA06608-1016,1,Region_6,29,IX,IX,MAN-MADE,PLNLOW MAN-MADE,11,11100303
NLA06608-1018,1,Region_5,50,VIII,VIII,NATURAL,PLNLOW NATURAL,4,4010101
NLA06608-1022,1,Region_8,42,V,V,NATURAL,PLNLOW NATURAL,10,10160002
NLA06608-1024,1,Region_8,46,VI,VI,NATURAL,PLNLOW NATURAL,9,9010004
NLA06608-1034,1,Region_5,56,VII,VII,NATURAL,PLNLOW NATURAL,4,4090003
NLA06608-1035,1,Region_7,47,VI,VI,NATURAL,PLNLOW NATURAL,7,7100002
NLA06608-1036,1,Region_7,40,IX,IX,NATURAL,PLNLOW NATURAL,10,10270104
NLA06608-1037,1,Region_2,84,XIV,CPL,MAN-MADE,PLNLOW MAN-MADE,2,2030104
NLA06608-1038,1,Region_5,50,VIII,VIII,NATURAL,PLNLOW NATURAL,9,9030001
NLA06608-1039,1,Region_4,45,IX,IX,MAN-MADE,EHIGH MAN-MADE,3,3130005
NLA06608-1041,1,Region_10,10,III,III,NATURAL,WMTNS NATURAL,17,17020012
NLA06608-1044,1,Region_4,65,IX,IX,MAN-MADE,PLNLOW MAN-MADE,6,6040001
NLA06608-1045,1,Region_2,83,VII,VII,NATURAL,EHIGH NATURAL,4,4140201
NLA06608-1047,1,Region_6,35,IX,IX,MAN-MADE,PLNLOW MAN-MADE,12,12020005
NLA06608-1052,1,Region_7,27,V,V,MAN-MADE,PLNLOW MAN-MADE,10,10260012
NLA06608-1055,1,Region_5,70,XI,XI,MAN-MADE,EHIGH MAN-MADE,5,5040005
NLA06608-1056,1,Region_7,39,XI,XI,MAN-MADE,EHIGH MAN-MADE,7,7140103
NLA06608-1057,1,Region_10,77,II,II,NATURAL,WMTNS NATURAL,17,17030001
NLA06608-1058,1,Region_10,4,II,II,NATURAL,WMTNS NATURAL,18,18010203
NLA06608-1059,1,Region_5,53,VII,VII,NATURAL,PLNLOW NATURAL,4,4030204
NLA06608-1060,1,Region_5,72,IX,IX,MAN-MADE,PLNLOW MAN-MADE,5,5140204
NLA06608-1060,2,Region_5,72,IX,IX,MAN-MADE,PLNLOW MAN-MADE,5,5140204
NLA06608-1070,1,Region_8,46,VI,VI,NATURAL,PLNLOW NATURAL,9,9020105
NLA06608-1073,1,Region_10,11,II,II,NATURAL,WMTNS NATURAL,17,17060105
NLA06608-1075,1,Region_5,51,VII,VII,NATURAL,PLNLOW NATURAL,7,7070002
NLA06608-1083,1,Region_8,25,V,V,MAN-MADE,PLNLOW MAN-MADE,10,10190003
NLA06608-1086,1,Region_8,42,V,V,NATURAL,PLNLOW NATURAL,10,10160001
NLA06608-1087,1,Region_4,45,IX,IX,MAN-MADE,EHIGH MAN-MADE,3,3050107
NLA06608-1089,1,Region_8,15,II,II,NATURAL,WMTNS NATURAL,17,17010208
NLA06608-1091,1,Region_8,42,V,V,NATURAL,PLNLOW NATURAL,10,10130103
NLA06608-1096,1,Region_7,42,V,V,MAN-MADE,PLNLOW MAN-MADE,10,10150007
NLA06608-1100,1,Region_7,40,IX,IX,MAN-MADE,PLNLOW MAN-MADE,10,10270104
NLA06608-1101,1,Region_2,58,VIII,VIII,MAN-MADE,EHIGH MAN-MADE,2,2020007
NLA06608-1102,1,Region_5,50,VIII,VIII,NATURAL,PLNLOW NATURAL,9,9030001
NLA06608-1103,1,Region_5,55,VI,VI,MAN-MADE,PLNLOW MAN-MADE,5,5060001
NLA06608-1107,1,Region_8,42,V,V,NATURAL,PLNLOW NATURAL,10,10130106
NLA06608-1108,1,Region_5,54,VI,VI,MAN-MADE,PLNLOW MAN-MADE,5,5120114
NLA06608-1108,2,Region_5,54,VI,VI,MAN-MADE,PLNLOW MAN-MADE,5,5120114
NLA06608-1111,1,Region_5,46,VI,VI,NATURAL,PLNLOW NATURAL,7,7020004
NLA06608-1113,1,Region_4,45,IX,IX,MAN-MADE,EHIGH MAN-MADE,3,3050101
NLA06608-1114,1,Region_4,75,XII,CPL,NATURAL,PLNLOW NATURAL,3,3170006
NLA06608-1115,1,Region_5,54,VI,VI,MAN-MADE,PLNLOW MAN-MADE,4,4040001
NLA06608-1119,1,Region_8,19,II,II,MAN-MADE,WMTNS MAN-MADE,14,14060002
NLA06608-1120,1,Region_7,39,XI,XI,MAN-MADE,EHIGH MAN-MADE,11,11010007
NLA06608-1122,1,Region_1,59,XIV,CPL,MAN-MADE,EHIGH MAN-MADE,1,1090003
NLA06608-1124,1,Region_6,26,IV,IVman,MAN-MADE,PLNLOW MAN-MADE,11,11080001
NLA06608-1125,1,Region_1,58,VIII,VIII,NATURAL,EHIGH NATURAL,1,1100005
NLA06608-1129,1,Region_9,23,II,II,MAN-MADE,WMTNS MAN-MADE,15,15020008
NLA06608-1130,1,Region_5,56,VII,VII,NATURAL,PLNLOW NATURAL,4,4050007
NLA06608-1131,1,Region_5,56,VII,VII,NATURAL,PLNLOW NATURAL,4,4050001
NLA06608-1134,1,Region_5,50,VIII,VIII,NATURAL,PLNLOW NATURAL,9,9020103
NLA06608-1141,1,Region_9,14,III,III,MAN-MADE,WMTNS MAN-MADE,18,18090206
NLA06608-1143,1,Region_5,50,VIII,VIII,NATURAL,PLNLOW NATURAL,7,7030001
NLA06608-1145,1,Region_3,64,IX,IX,MAN-MADE,EHIGH MAN-MADE,2,2040205
NLA06608-1147,1,Region_8,25,V,V,MAN-MADE,PLNLOW MAN-MADE,10,10190007
NLA06608-1148,1,Region_7,44,IV,IVnat,NATURAL,PLNLOW NATURAL,10,10210001
NLA06608-1150,1,Region_5,50,VIII,VIII,NATURAL,PLNLOW NATURAL,9,9030001
NLA06608-1151,1,Region_9,23,II,II,MAN-MADE,WMTNS MAN-MADE,15,15020001
NLA06608-1153,1,Region_8,41,II,II,NATURAL,WMTNS NATURAL,17,17010207
NLA06608-1155,1,Region_8,42,V,V,NATURAL,PLNLOW NATURAL,10,10130103
NLA06608-1162,1,Region_5,50,VIII,VIII,NATURAL,PLNLOW NATURAL,4,4070007
NLA06608-1163,1,Region_5,56,VII,VII,NATURAL,PLNLOW NATURAL,5,5120106
NLA06608-1164,1,Region_6,29,IX,IX,MAN-MADE,PLNLOW MAN-MADE,11,11100302
NLA06608-1166,1,Region_5,50,VIII,VIII,NATURAL,PLNLOW NATURAL,7,7050002
NLA06608-1167,1,Region_5,56,VII,VII,NATURAL,PLNLOW NATURAL,4,4100002
NLA06608-1170,1,Region_8,19,II,II,MAN-MADE,WMTNS MAN-MADE,16,16020101
NLA06608-1172,1,Region_5,71,IX,IX,MAN-MADE,EHIGH MAN-MADE,5,5120202
NLA06608-1174,1,Region_1,58,VIII,VIII,NATURAL,EHIGH NATURAL,1,1030002
NLA06608-1175,1,Region_5,51,VII,VII,NATURAL,PLNLOW NATURAL,7,7010204
NLA06608-1177,1,Region_4,65,IX,IX,MAN-MADE,PLNLOW MAN-MADE,3,3030004
NLA06608-1179,1,Region_5,54,VI,VI,MAN-MADE,PLNLOW MAN-MADE,7,7120006
NLA06608-1181,1,Region_4,45,IX,IX,MAN-MADE,EHIGH MAN-MADE,3,3020201
NLA06608-1183,1,Region_8,19,II,II,NATURAL,WMTNS NATURAL,14,14060003
NLA06608-1185,1,Region_4,75,XII,CPL,NATURAL,PLNLOW NATURAL,3,3100207
NLA06608-1189,1,Region_2,62,VIII,VIII,NATURAL,EHIGH NATURAL,2,2040104
NLA06608-1190,1,Region_10,3,I,II,MAN-MADE,WMTNS MAN-MADE,17,17090003
NLA06608-1191,1,Region_6,32,V,V,MAN-MADE,PLNLOW MAN-MADE,12,12100203
NLA06608-1195,1,Region_5,54,VI,VI,NATURAL,PLNLOW NATURAL,7,7120001
NLA06608-1198,1,Region_5,51,VII,VII,NATURAL,PLNLOW NATURAL,9,9020103
NLA06608-1199,1,Region_5,55,VI,VI,MAN-MADE,PLNLOW MAN-MADE,5,5080003
NLA06608-1204,1,Region_6,36,XI,XI,MAN-MADE,EHIGH MAN-MADE,8,8040101
NLA06608-1206,1,Region_5,50,VIII,VIII,NATURAL,PLNLOW NATURAL,4,4030111
NLA06608-1207,1,Region_5,51,VII,VII,NATURAL,PLNLOW NATURAL,7,7030005
NLA06608-1208,1,Region_7,27,V,V,MAN-MADE,PLNLOW MAN-MADE,10,10260008
NLA06608-1208,2,Region_7,27,V,V,MAN-MADE,PLNLOW MAN-MADE,10,10260008
NLA06608-1209,1,Region_3,62,VIII,VIII,MAN-MADE,EHIGH MAN-MADE,2,2040106
NLA06608-1210,1,Region_8,42,V,V,NATURAL,PLNLOW NATURAL,10,10110101
NLA06608-1217,1,Region_10,15,II,II,MAN-MADE,WMTNS MAN-MADE,17,17010216
NLA06608-1219,1,Region_8,42,V,V,MAN-MADE,PLNLOW MAN-MADE,10,10130103
NLA06608-1220,1,Region_4,65,IX,IX,MAN-MADE,PLNLOW MAN-MADE,6,6040001
NLA06608-1222,1,Region_1,84,XIV,CPL,NATURAL,PLNLOW NATURAL,1,1090002
NLA06608-1223,1,Region_7,47,VI,VI,NATURAL,PLNLOW NATURAL,7,7080203
NLA06608-1224,1,Region_6,32,V,V,MAN-MADE,PLNLOW MAN-MADE,12,12010001
NLA06608-1227,1,Region_5,55,VI,VI,MAN-MADE,PLNLOW MAN-MADE,5,5120107
NLA06608-1232,1,Region_7,72,IX,IX,MAN-MADE,PLNLOW MAN-MADE,7,7110004
NLA06608-1236,1,Region_6,22,III,III,MAN-MADE,WMTNS MAN-MADE,13,13060001
NLA06608-1238,1,Region_1,58,VIII,VIII,NATURAL,EHIGH NATURAL,1,1060001
NLA06608-1239,1,Region_5,51,VII,VII,NATURAL,PLNLOW NATURAL,7,7010204
NLA06608-1240,1,Region_6,29,IX,IX,MAN-MADE,PLNLOW MAN-MADE,11,11140104
NLA06608-1241,1,Region_4,45,IX,IX,MAN-MADE,EHIGH MAN-MADE,3,3030002
NLA06608-1242,1,Region_5,53,VII,VII,NATURAL,PLNLOW NATURAL,4,4030101
NLA06608-1243,1,Region_5,56,VII,VII,NATURAL,PLNLOW NATURAL,4,4050001
NLA06608-1244,1,Region_7,44,IV,IVnat,NATURAL,PLNLOW NATURAL,10,10150004
NLA06608-1245,1,Region_4,63,XIV,CPL,NATURAL,PLNLOW NATURAL,3,3020106
NLA06608-1255,1,Region_8,46,VI,VI,NATURAL,PLNLOW NATURAL,10,10160008
NLA06608-1256,1,Region_7,28,IV,IVman,MAN-MADE,PLNLOW MAN-MADE,11,11070101
NLA06608-1258,1,Region_5,56,VII,VII,NATURAL,PLNLOW NATURAL,4,4050006
NLA06608-1259,1,Region_8,21,II,II,NATURAL,WMTNS NATURAL,10,10180010
NLA06608-1261,1,Region_9,13,III,III,MAN-MADE,WMTNS MAN-MADE,15,15010011
NLA06608-1262,1,Region_5,50,VIII,VIII,NATURAL,PLNLOW NATURAL,7,7010106
NLA06608-1263,1,Region_4,71,IX,IX,MAN-MADE,EHIGH MAN-MADE,5,5100205
NLA06608-1266,1,Region_10,80,III,III,MAN-MADE,WMTNS MAN-MADE,17,17120007
NLA06608-1268,1,Region_7,47,VI,VI,MAN-MADE,PLNLOW MAN-MADE,7,7080106
NLA06608-1269,1,Region_9,7,I,III,MAN-MADE,WMTNS MAN-MADE,18,18020109
NLA06608-1270,1,Region_8,18,III,III,MAN-MADE,WMTNS MAN-MADE,10,10080001
NLA06608-1271,1,Region_7,47,VI,VI,NATURAL,PLNLOW NATURAL,10,10230003
NLA06608-1273,1,Region_2,64,IX,IX,MAN-MADE,EHIGH MAN-MADE,2,2030103
NLA06608-1274,1,Region_5,50,VIII,VIII,NATURAL,PLNLOW NATURAL,4,4010101
NLA06608-1278,1,Region_8,46,VI,VI,NATURAL,PLNLOW NATURAL,9,9020201
NLA06608-1279,1,Region_6,21,II,II,MAN-MADE,WMTNS MAN-MADE,13,13020202
NLA06608-1281,1,Region_10,15,II,II,NATURAL,WMTNS NATURAL,17,17010213
NLA06608-1283,1,Region_5,51,VII,VII,NATURAL,PLNLOW NATURAL,7,7030004
NLA06608-1284,1,Region_8,21,II,II,MAN-MADE,WMTNS MAN-MADE,14,14080101
NLA06608-1288,1,Region_6,35,IX,IX,MAN-MADE,PLNLOW MAN-MADE,11,11140109
NLA06608-1292,1,Region_7,40,IX,IX,MAN-MADE,PLNLOW MAN-MADE,10,10270102
NLA06608-1295,1,Region_6,24,III,III,MAN-MADE,WMTNS MAN-MADE,13,13030101
NLA06608-1297,1,Region_10,10,III,III,NATURAL,WMTNS NATURAL,17,17020016
NLA06608-1300,1,Region_6,26,IV,IVman,MAN-MADE,PLNLOW MAN-MADE,11,11080003
NLA06608-1303,1,Region_5,51,VII,VII,NATURAL,PLNLOW NATURAL,7,7040002
NLA06608-1312,1,Region_7,39,XI,XI,MAN-MADE,EHIGH MAN-MADE,7,7140102
NLA06608-1316,1,Region_4,71,IX,IX,MAN-MADE,EHIGH MAN-MADE,5,5130205
NLA06608-1319,1,Region_8,46,VI,VI,NATURAL,PLNLOW NATURAL,10,10160010
NLA06608-1321,1,Region_8,19,II,II,MAN-MADE,WMTNS MAN-MADE,14,14060009
NLA06608-1323,1,Region_4,45,IX,IX,MAN-MADE,EHIGH MAN-MADE,3,3150107
NLA06608-1326,1,Region_5,51,VII,VII,NATURAL,PLNLOW NATURAL,9,9020103
NLA06608-1329,1,Region_10,16,II,II,MAN-MADE,WMTNS MAN-MADE,17,17060210
NLA06608-1332,1,Region_4,72,IX,IX,MAN-MADE,PLNLOW MAN-MADE,5,5110006
NLA06608-1333,1,Region_2,58,VIII,VIII,MAN-MADE,EHIGH MAN-MADE,2,2010001
NLA06608-1334,1,Region_5,50,VIII,VIII,NATURAL,PLNLOW NATURAL,4,4070004
NLA06608-1334,2,Region_5,50,VIII,VIII,NATURAL,PLNLOW NATURAL,4,4070004
NLA06608-1336,1,Region_6,27,V,V,MAN-MADE,PLNLOW MAN-MADE,11,11060006
NLA06608-1338,1,Region_8,43,IV,IVnat,NATURAL,PLNLOW NATURAL,10,10070004
NLA06608-1339,1,Region_8,25,V,V,MAN-MADE,PLNLOW MAN-MADE,10,10190005
NLA06608-1342,1,Region_5,50,VIII,VIII,NATURAL,PLNLOW NATURAL,9,9030001
NLA06608-1344,1,Region_8,42,V,V,NATURAL,PLNLOW NATURAL,10,10030201
NLA06608-1346,1,Region_3,67,XI,XI,MAN-MADE,EHIGH MAN-MADE,5,5020006
NLA06608-1347,1,Region_5,50,VIII,VIII,NATURAL,PLNLOW NATURAL,4,4010202
NLA06608-1348,1,Region_3,67,XI,XI,MAN-MADE,EHIGH MAN-MADE,6,6010102
NLA06608-1349,1,Region_4,75,XII,CPL,NATURAL,PLNLOW NATURAL,3,3080101
NLA06608-1354,1,Region_8,43,IV,IVman,MAN-MADE,PLNLOW MAN-MADE,10,10080014
NLA06608-1355,1,Region_5,56,VII,VII,NATURAL,PLNLOW NATURAL,5,5120106
NLA06608-1355,2,Region_5,56,VII,VII,NATURAL,PLNLOW NATURAL,5,5120106
NLA06608-1356,1,Region_6,38,XI,XI,MAN-MADE,EHIGH MAN-MADE,11,11110104
NLA06608-1358,1,Region_5,50,VIII,VIII,NATURAL,PLNLOW NATURAL,4,4020102
NLA06608-1358,2,Region_5,50,VIII,VIII,NATURAL,PLNLOW NATURAL,4,4020102
NLA06608-1359,1,Region_5,55,VI,VI,NATURAL,PLNLOW NATURAL,5,5080001
NLA06608-1360,1,Region_7,25,V,V,MAN-MADE,PLNLOW MAN-MADE,10,10250005
NLA06608-1364,1,Region_4,71,IX,IX,MAN-MADE,EHIGH MAN-MADE,6,6040002
NLA06608-1365,1,Region_2,83,VII,VII,MAN-MADE,EHIGH MAN-MADE,4,4140202
NLA06608-1367,1,Region_8,46,VI,VI,NATURAL,PLNLOW NATURAL,7,7020003
NLA06608-1368,1,Region_6,29,IX,IX,MAN-MADE,PLNLOW MAN-MADE,11,11130210
NLA06608-1369,1,Region_4,45,IX,IX,MAN-MADE,EHIGH MAN-MADE,3,3030002
NLA06608-1370,1,Region_5,56,VII,VII,NATURAL,PLNLOW NATURAL,4,4060101
NLA06608-1372,1,Region_6,27,V,V,MAN-MADE,PLNLOW MAN-MADE,11,11130302
NLA06608-1375,1,Region_5,55,VI,VI,MAN-MADE,PLNLOW MAN-MADE,5,5060001
NLA06608-1376,1,Region_7,39,XI,XI,MAN-MADE,EHIGH MAN-MADE,7,7140104
NLA06608-1377,1,Region_8,16,II,II,NATURAL,WMTNS NATURAL,10,10020004
NLA06608-1380,1,Region_6,26,IV,IVman,MAN-MADE,PLNLOW MAN-MADE,11,11080001
NLA06608-1383,1,Region_5,51,VII,VII,NATURAL,PLNLOW NATURAL,7,7020005
NLA06608-1387,1,Region_5,56,VII,VII,NATURAL,PLNLOW NATURAL,4,4050003
NLA06608-1389,1,Region_3,63,XIV,CPL,NATURAL,PLNLOW NATURAL,2,2060007
NLA06608-1389,2,Region_3,63,XIV,CPL,NATURAL,PLNLOW NATURAL,2,2060007
NLA06608-1390,1,Region_5,51,VII,VII,NATURAL,PLNLOW NATURAL,7,7010108
NLA06608-1391,1,Region_5,61,VII,VII,NATURAL,EHIGH NATURAL,4,4110002
NLA06608-1396,1,Region_4,71,IX,IX,MAN-MADE,EHIGH MAN-MADE,5,5130204
NLA06608-1397,1,Region_9,8,II,II,MAN-MADE,WMTNS MAN-MADE,18,18070303
NLA06608-1398,1,Region_5,50,VIII,VIII,NATURAL,PLNLOW NATURAL,4,4020201
NLA06608-1401,1,Region_3,67,XI,XI,MAN-MADE,EHIGH MAN-MADE,2,2050301
NLA06608-1403,1,Region_8,25,V,V,MAN-MADE,PLNLOW MAN-MADE,10,10190006
NLA06608-1413,1,Region_4,75,XII,CPL,NATURAL,PLNLOW NATURAL,3,3080102
NLA06608-1414,1,Region_1,59,XIV,CPL,MAN-MADE,EHIGH MAN-MADE,1,1100002
NLA06608-1417,1,Region_9,7,I,III,MAN-MADE,WMTNS MAN-MADE,18,18040005
NLA06608-1420,1,Region_6,29,IX,IX,MAN-MADE,PLNLOW MAN-MADE,11,11100302
NLA06608-1421,1,Region_3,63,XIV,CPL,MAN-MADE,PLNLOW MAN-MADE,2,2040205
NLA06608-1425,1,Region_10,2,II,II,NATURAL,WMTNS NATURAL,17,17110019
NLA06608-1426,1,Region_10,1,II,II,NATURAL,WMTNS NATURAL,17,17100304
NLA06608-1432,1,Region_6,29,IX,IX,MAN-MADE,PLNLOW MAN-MADE,11,11130304
NLA06608-1434,1,Region_5,50,VIII,VIII,NATURAL,PLNLOW NATURAL,4,4060105
NLA06608-1435,1,Region_5,54,VI,VI,NATURAL,PLNLOW NATURAL,7,7120006
NLA06608-1436,1,Region_6,27,V,V,MAN-MADE,PLNLOW MAN-MADE,12,12090108
NLA06608-1439,1,Region_8,20,III,III,MAN-MADE,WMTNS MAN-MADE,14,14060003
NLA06608-1445,1,Region_10,80,III,III,MAN-MADE,WMTNS MAN-MADE,17,17120003
NLA06608-1446,1,Region_10,4,II,II,NATURAL,WMTNS NATURAL,17,17090001
NLA06608-1447,1,Region_5,51,VII,VII,NATURAL,PLNLOW NATURAL,7,7010206
NLA06608-1450,1,Region_5,56,VII,VII,NATURAL,PLNLOW NATURAL,4,4060102
NLA06608-1454,1,Region_5,46,VI,VI,NATURAL,PLNLOW NATURAL,7,7020005
NLA06608-1455,1,Region_8,21,II,II,MAN-MADE,WMTNS MAN-MADE,14,14020005
NLA06608-1460,1,Region_7,40,IX,IX,MAN-MADE,PLNLOW MAN-MADE,10,10280201
NLA06608-1461,1,Region_9,13,III,III,MAN-MADE,WMTNS MAN-MADE,18,18090102
NLA06608-1462,1,Region_8,43,IV,IVman,MAN-MADE,PLNLOW MAN-MADE,10,10100001
NLA06608-1465,1,Region_3,67,XI,XI,MAN-MADE,EHIGH MAN-MADE,2,2040106
NLA06608-1469,1,Region_4,65,IX,IX,NATURAL,PLNLOW NATURAL,3,3060106
NLA06608-1473,1,Region_10,15,II,II,MAN-MADE,WMTNS MAN-MADE,17,17010305
NLA06608-1476,1,Region_8,25,V,V,MAN-MADE,PLNLOW MAN-MADE,10,10190002
NLA06608-1481,1,Region_9,5,II,II,NATURAL,WMTNS NATURAL,18,18080003
NLA06608-1482,1,Region_4,65,IX,IX,MAN-MADE,PLNLOW MAN-MADE,3,3110203
NLA06608-1483,1,Region_8,21,II,II,MAN-MADE,WMTNS MAN-MADE,14,14010001
NLA06608-1484,1,Region_6,37,IX,IX,MAN-MADE,EHIGH MAN-MADE,11,11110202
NLA06608-1487,1,Region_5,56,VII,VII,MAN-MADE,PLNLOW MAN-MADE,4,4090005
NLA06608-1488,1,Region_6,27,V,V,MAN-MADE,PLNLOW MAN-MADE,11,11120202
NLA06608-1489,1,Region_10,2,II,II,NATURAL,WMTNS NATURAL,17,17110015
NLA06608-1492,1,Region_5,55,VI,VI,MAN-MADE,PLNLOW MAN-MADE,5,5090203
NLA06608-1496,1,Region_6,29,IX,IX,MAN-MADE,PLNLOW MAN-MADE,12,12030103
NLA06608-1499,1,Region_5,56,VII,VII,NATURAL,PLNLOW NATURAL,5,5120104
NLA06608-1504,1,Region_7,39,XI,XI,MAN-MADE,EHIGH MAN-MADE,8,8020202
NLA06608-1508,1,Region_6,26,IV,IVman,MAN-MADE,PLNLOW MAN-MADE,11,11090104
NLA06608-1510,1,Region_8,42,V,V,MAN-MADE,PLNLOW MAN-MADE,10,10060002
NLA06608-1511,1,Region_8,46,VI,VI,MAN-MADE,PLNLOW MAN-MADE,10,10160003
NLA06608-1515,1,Region_5,56,VII,VII,NATURAL,PLNLOW NATURAL,4,4050002
NLA06608-1517,1,Region_3,45,IX,IX,MAN-MADE,EHIGH MAN-MADE,2,2070011
NLA06608-1521,1,Region_10,13,III,III,MAN-MADE,WMTNS MAN-MADE,16,16010202
NLA06608-1524,1,Region_6,27,V,V,MAN-MADE,PLNLOW MAN-MADE,11,11130202
NLA06608-1527,1,Region_7,47,VI,VI,NATURAL,PLNLOW NATURAL,7,7100002
NLA06608-1529,1,Region_9,13,III,III,MAN-MADE,WMTNS MAN-MADE,16,16040108
NLA06608-1532,1,Region_5,54,VI,VI,MAN-MADE,PLNLOW MAN-MADE,7,7080104
NLA06608-1537,1,Region_10,15,II,II,NATURAL,WMTNS NATURAL,17,17010214
NLA06608-1538,1,Region_3,67,XI,XI,MAN-MADE,EHIGH MAN-MADE,2,2070002
NLA06608-1544,1,Region_7,47,VI,VI,NATURAL,PLNLOW NATURAL,7,7080105
NLA06608-1556,1,Region_5,72,IX,IX,NATURAL,PLNLOW NATURAL,5,5120202
NLA06608-1558,1,Region_1,82,VIII,VIII,NATURAL,EHIGH NATURAL,1,1050002
NLA06608-1560,1,Region_6,35,IX,IX,MAN-MADE,PLNLOW MAN-MADE,11,11140305
NLA06608-1561,1,Region_3,69,XI,XI,MAN-MADE,EHIGH MAN-MADE,5,5050004
NLA06608-1562,1,Region_8,18,III,III,MAN-MADE,WMTNS MAN-MADE,14,14040101
NLA06608-1564,1,Region_6,27,V,V,MAN-MADE,PLNLOW MAN-MADE,11,11120303
NLA06608-1568,1,Region_6,27,V,V,MAN-MADE,PLNLOW MAN-MADE,11,11100203
NLA06608-1569,1,Region_4,75,XII,CPL,NATURAL,PLNLOW NATURAL,3,3090101
NLA06608-1572,1,Region_4,72,IX,IX,MAN-MADE,PLNLOW MAN-MADE,5,5140205
NLA06608-1575,1,Region_8,46,VI,VI,NATURAL,PLNLOW NATURAL,10,10160010
NLA06608-1576,1,Region_7,40,IX,IX,MAN-MADE,PLNLOW MAN-MADE,10,10290108
NLA06608-1577,1,Region_9,23,II,II,MAN-MADE,WMTNS MAN-MADE,15,15020005
NLA06608-1578,1,Region_8,43,IV,IVman,MAN-MADE,PLNLOW MAN-MADE,10,10110201
NLA06608-1579,1,Region_5,56,VII,VII,NATURAL,PLNLOW NATURAL,4,4050001
NLA06608-1586,1,Region_1,59,XIV,CPL,NATURAL,EHIGH NATURAL,1,1090004
NLA06608-1593,1,Region_9,23,II,II,MAN-MADE,WMTNS MAN-MADE,15,15060202
NLA06608-1595,1,Region_8,25,V,V,MAN-MADE,PLNLOW MAN-MADE,10,10190005
NLA06608-1596,1,Region_7,44,IV,IVnat,NATURAL,PLNLOW NATURAL,10,10180009
NLA06608-1600,1,Region_8,42,V,V,MAN-MADE,PLNLOW MAN-MADE,10,10050009
NLA06608-1602,1,Region_9,23,II,II,MAN-MADE,WMTNS MAN-MADE,15,15060106
NLA06608-1608,1,Region_6,35,IX,IX,MAN-MADE,PLNLOW MAN-MADE,11,11140203
NLA06608-1610,1,Region_8,17,II,II,NATURAL,WMTNS NATURAL,10,10070005
NLA06608-1617,1,Region_10,2,II,II,NATURAL,WMTNS NATURAL,17,17110019
NLA06608-1623,1,Region_6,33,IX,IX,MAN-MADE,PLNLOW MAN-MADE,12,12070102
NLA06608-1626,1,Region_5,56,VII,VII,NATURAL,PLNLOW NATURAL,4,4060101
NLA06608-1630,1,Region_6,31,IV,IVman,MAN-MADE,PLNLOW MAN-MADE,12,12110104
NLA06608-1631,1,Region_8,20,III,III,MAN-MADE,WMTNS MAN-MADE,14,14040106
NLA06608-1633,1,Region_8,17,II,II,MAN-MADE,WMTNS MAN-MADE,10,10020001
NLA06608-1637,1,Region_3,60,VII,VII,NATURAL,EHIGH NATURAL,2,2040101
NLA06608-1638,1,Region_10,4,II,II,NATURAL,WMTNS NATURAL,17,17090004
NLA06608-1640,1,Region_7,39,XI,XI,MAN-MADE,EHIGH MAN-MADE,10,10290111
NLA06608-1641,1,Region_9,23,II,II,NATURAL,WMTNS NATURAL,15,15020015
NLA06608-1643,1,Region_5,56,VII,VII,NATURAL,PLNLOW NATURAL,4,4050003
NLA06608-1652,1,Region_4,71,IX,IX,MAN-MADE,EHIGH MAN-MADE,5,5130205
NLA06608-1654,1,Region_5,50,VIII,VIII,MAN-MADE,PLNLOW MAN-MADE,4,4020105
NLA06608-1655,1,Region_8,42,V,V,MAN-MADE,PLNLOW MAN-MADE,10,10160008
NLA06608-1668,1,Region_4,67,XI,XI,MAN-MADE,EHIGH MAN-MADE,6,6010108
NLA06608-1672,1,Region_6,32,V,V,MAN-MADE,PLNLOW MAN-MADE,12,12030106
NLA06608-1674,1,Region_8,17,II,II,NATURAL,WMTNS NATURAL,10,10020007
NLA06608-1675,1,Region_8,21,II,II,MAN-MADE,WMTNS MAN-MADE,10,10180001
NLA06608-1679,1,Region_5,56,VII,VII,NATURAL,PLNLOW NATURAL,4,4050004
NLA06608-1684,1,Region_5,55,VI,VI,MAN-MADE,PLNLOW MAN-MADE,5,5120203
NLA06608-1684,2,Region_5,55,VI,VI,MAN-MADE,PLNLOW MAN-MADE,5,5120203
NLA06608-1687,1,Region_8,46,VI,VI,NATURAL,PLNLOW NATURAL,10,10170202
NLA06608-1690,1,Region_5,51,VII,VII,NATURAL,PLNLOW NATURAL,4,4060104
NLA06608-1695,1,Region_8,19,II,II,NATURAL,WMTNS NATURAL,14,14040106
NLA06608-1703,1,Region_8,46,VI,VI,NATURAL,PLNLOW NATURAL,10,10160006
NLA06608-1704,1,Region_7,40,IX,IX,MAN-MADE,PLNLOW MAN-MADE,10,10290104
NLA06608-1706,1,Region_5,56,VII,VII,NATURAL,PLNLOW NATURAL,4,4080201
NLA06608-1707,1,Region_5,56,VII,VII,NATURAL,PLNLOW NATURAL,4,4050001
NLA06608-1711,1,Region_4,66,XI,XI,MAN-MADE,EHIGH MAN-MADE,3,3150104
NLA06608-1715,1,Region_6,31,IV,IVman,MAN-MADE,PLNLOW MAN-MADE,13,13080001
NLA06608-1717,1,Region_9,6,III,III,MAN-MADE,WMTNS MAN-MADE,18,18040008
NLA06608-1719,1,Region_8,42,V,V,NATURAL,PLNLOW NATURAL,10,10160007
NLA06608-1723,1,Region_8,25,V,V,MAN-MADE,PLNLOW MAN-MADE,10,10190009
NLA06608-1724,1,Region_5,54,VI,VI,MAN-MADE,PLNLOW MAN-MADE,7,7130003
NLA06608-1733,1,Region_4,75,XII,CPL,NATURAL,PLNLOW NATURAL,3,3080102
NLA06608-1735,1,Region_6,35,IX,IX,NATURAL,PLNLOW NATURAL,12,12010005
NLA06608-1736,1,Region_7,47,VI,VI,NATURAL,PLNLOW NATURAL,7,7100006
NLA06608-1739,1,Region_8,21,II,II,MAN-MADE,WMTNS MAN-MADE,10,10190005
NLA06608-1740,1,Region_7,40,IX,IX,MAN-MADE,PLNLOW MAN-MADE,10,10300104
NLA06608-1741,1,Region_3,63,XIV,CPL,MAN-MADE,PLNLOW MAN-MADE,2,2040207
NLA06608-1742,1,Region_5,50,VIII,VIII,NATURAL,PLNLOW NATURAL,4,4020104
NLA06608-1748,1,Region_8,21,II,II,MAN-MADE,WMTNS MAN-MADE,11,11020001
NLA06608-1753,1,Region_8,19,II,II,MAN-MADE,WMTNS MAN-MADE,16,16030001
NLA06608-1755,1,Region_5,56,VII,VII,NATURAL,PLNLOW NATURAL,5,5120106
NLA06608-1758,1,Region_5,50,VIII,VIII,NATURAL,PLNLOW NATURAL,4,4020103
NLA06608-1771,1,Region_5,56,VII,VII,NATURAL,PLNLOW NATURAL,4,4050002
NLA06608-1775,1,Region_4,71,IX,IX,MAN-MADE,EHIGH MAN-MADE,5,5100101
NLA06608-1781,1,Region_9,6,III,III,MAN-MADE,WMTNS MAN-MADE,18,18050005
NLA06608-1782,1,Region_5,56,VII,VII,MAN-MADE,PLNLOW MAN-MADE,4,4090005
NLA06608-1789,1,Region_3,69,XI,XI,MAN-MADE,EHIGH MAN-MADE,5,5010007
NLA06608-1791,1,Region_4,68,XI,XI,MAN-MADE,EHIGH MAN-MADE,6,6010208
NLA06608-1793,1,Region_10,15,II,II,NATURAL,WMTNS NATURAL,17,17010303
NLA06608-1800,1,Region_6,35,IX,IX,NATURAL,PLNLOW NATURAL,11,11140304
NLA06608-1802,1,Region_5,56,VII,VII,MAN-MADE,PLNLOW MAN-MADE,4,4090003
NLA06608-1804,1,Region_6,27,V,V,MAN-MADE,PLNLOW MAN-MADE,11,11050002
NLA06608-1808,1,Region_6,35,IX,IX,MAN-MADE,PLNLOW MAN-MADE,11,11110207
NLA06608-1810,1,Region_8,13,III,III,MAN-MADE,WMTNS MAN-MADE,16,16020102
NLA06608-1811,1,Region_8,42,V,V,NATURAL,PLNLOW NATURAL,10,10130106
NLA06608-1812,1,Region_4,71,IX,IX,MAN-MADE,EHIGH MAN-MADE,5,5130205
NLA06608-1818,1,Region_8,17,II,II,NATURAL,WMTNS NATURAL,14,14040102
NLA06608-1821,1,Region_3,64,IX,IX,MAN-MADE,EHIGH MAN-MADE,2,2060006
NLA06608-1824,1,Region_7,26,IV,IVman,MAN-MADE,PLNLOW MAN-MADE,11,11040008
NLA06608-1825,1,Region_4,75,XII,CPL,NATURAL,PLNLOW NATURAL,3,3100101
NLA06608-1835,1,Region_5,56,VII,VII,NATURAL,PLNLOW NATURAL,4,4100003
NLA06608-1836,1,Region_7,44,IV,IVnat,NATURAL,PLNLOW NATURAL,10,10150003
NLA06608-1839,1,Region_4,65,IX,IX,MAN-MADE,PLNLOW MAN-MADE,3,3070104
NLA06608-1840,1,Region_5,72,IX,IX,MAN-MADE,PLNLOW MAN-MADE,7,7140203
NLA06608-1851,1,Region_8,25,V,V,MAN-MADE,PLNLOW MAN-MADE,10,10190005
NLA06608-1856,1,Region_8,42,V,V,MAN-MADE,PLNLOW MAN-MADE,10,10050007
NLA06608-1857,1,Region_8,15,II,II,NATURAL,WMTNS NATURAL,17,17010208
NLA06608-1861,1,Region_4,75,XII,CPL,NATURAL,PLNLOW NATURAL,3,3080103
NLA06608-1862,1,Region_9,80,III,III,MAN-MADE,WMTNS MAN-MADE,16,16040205
NLA06608-1863,1,Region_6,35,IX,IX,MAN-MADE,PLNLOW MAN-MADE,8,8080102
NLA06608-1866,1,Region_8,18,III,III,MAN-MADE,WMTNS MAN-MADE,10,10070006
NLA06608-1867,1,Region_5,56,VII,VII,NATURAL,PLNLOW NATURAL,5,5120106
NLA06608-1868,1,Region_6,29,IX,IX,MAN-MADE,PLNLOW MAN-MADE,11,11090202
NLA06608-1871,1,Region_4,45,IX,IX,MAN-MADE,EHIGH MAN-MADE,3,3150109
NLA06608-1873,1,Region_10,1,II,II,NATURAL,WMTNS NATURAL,17,17110017
NLA06608-1874,1,Region_8,19,II,II,MAN-MADE,WMTNS MAN-MADE,16,16020101
NLA06608-1879,1,Region_8,46,VI,VI,NATURAL,PLNLOW NATURAL,10,10170201
NLA06608-1884,1,Region_7,47,VI,VI,MAN-MADE,PLNLOW MAN-MADE,7,7080208
NLA06608-1893,1,Region_9,13,III,III,MAN-MADE,WMTNS MAN-MADE,16,16040109
NLA06608-1894,1,Region_10,4,II,II,NATURAL,WMTNS NATURAL,17,17070301
NLA06608-1906,1,Region_1,59,XIV,CPL,MAN-MADE,EHIGH MAN-MADE,1,1090004
NLA06608-1908,1,Region_5,71,IX,IX,MAN-MADE,EHIGH MAN-MADE,5,5140201
NLA06608-1910,1,Region_5,50,VIII,VIII,NATURAL,PLNLOW NATURAL,4,4030108
NLA06608-1930,1,Region_10,12,III,III,MAN-MADE,WMTNS MAN-MADE,17,17040202
NLA06608-1936,1,Region_7,72,IX,IX,MAN-MADE,PLNLOW MAN-MADE,7,7110009
NLA06608-1948,1,Region_7,44,IV,IVnat,NATURAL,PLNLOW NATURAL,10,10150004
NLA06608-1953,1,Region_8,17,II,II,NATURAL,WMTNS NATURAL,17,17010203
NLA06608-1958,1,Region_10,4,II,II,MAN-MADE,WMTNS MAN-MADE,17,17090001
NLA06608-1959,1,Region_8,46,VI,VI,MAN-MADE,PLNLOW MAN-MADE,10,10160003
NLA06608-1960,1,Region_6,40,IX,IX,MAN-MADE,PLNLOW MAN-MADE,11,11070106
NLA06608-1968,1,Region_8,42,V,V,MAN-MADE,PLNLOW MAN-MADE,10,10050014
NLA06608-1975,1,Region_7,47,VI,VI,NATURAL,PLNLOW NATURAL,10,10230003
NLA06608-1985,1,Region_10,15,II,II,NATURAL,WMTNS NATURAL,17,17010303
NLA06608-1989,1,Region_10,80,III,III,MAN-MADE,WMTNS MAN-MADE,17,17040213
NLA06608-1992,1,Region_6,33,IX,IX,MAN-MADE,PLNLOW MAN-MADE,12,12030107
NLA06608-1998,1,Region_5,50,VIII,VIII,NATURAL,PLNLOW NATURAL,4,4030107
NLA06608-1998,2,Region_5,50,VIII,VIII,NATURAL,PLNLOW NATURAL,4,4030107
NLA06608-2005,1,Region_10,80,III,III,MAN-MADE,WMTNS MAN-MADE,17,17050104
NLA06608-2007,1,Region_8,46,VI,VI,NATURAL,PLNLOW NATURAL,7,7020001
NLA06608-2010,1,Region_4,65,IX,IX,MAN-MADE,PLNLOW MAN-MADE,3,3170007
NLA06608-2027,1,Region_8,21,II,II,MAN-MADE,WMTNS MAN-MADE,10,10180011
NLA06608-2036,1,Region_7,47,VI,VI,NATURAL,PLNLOW NATURAL,7,7100008
NLA06608-2037,1,Region_9,13,III,III,MAN-MADE,WMTNS MAN-MADE,16,16050203
NLA06608-2039,1,Region_7,47,VI,VI,NATURAL,PLNLOW NATURAL,10,10230003
NLA06608-2049,1,Region_8,15,II,II,NATURAL,WMTNS NATURAL,17,17010213
NLA06608-2056,1,Region_7,47,VI,VI,MAN-MADE,PLNLOW MAN-MADE,7,7100008
NLA06608-2072,1,Region_6,33,IX,IX,MAN-MADE,PLNLOW MAN-MADE,12,12020001
NLA06608-2074,1,Region_4,75,XII,CPL,MAN-MADE,PLNLOW MAN-MADE,3,3120003
NLA06608-2076,1,Region_6,37,IX,IX,MAN-MADE,EHIGH MAN-MADE,11,11110204
NLA06608-2078,1,Region_5,50,VIII,VIII,NATURAL,PLNLOW NATURAL,4,4030107
NLA06608-2082,1,Region_10,78,II,II,MAN-MADE,WMTNS MAN-MADE,17,17100308
NLA06608-2086,1,Region_1,58,VIII,VIII,NATURAL,EHIGH NATURAL,1,1110000
NLA06608-2087,1,Region_8,46,VI,VI,NATURAL,PLNLOW NATURAL,10,10160010
NLA06608-2091,1,Region_4,65,IX,IX,MAN-MADE,PLNLOW MAN-MADE,3,3150107
NLA06608-2092,1,Region_6,73,X,CPL,MAN-MADE,PLNLOW MAN-MADE,8,8050001
NLA06608-2094,1,Region_6,33,IX,IX,MAN-MADE,PLNLOW MAN-MADE,12,12100101
NLA06608-2095,1,Region_8,18,III,III,MAN-MADE,WMTNS MAN-MADE,14,14040104
NLA06608-2103,1,Region_8,42,V,V,NATURAL,PLNLOW NATURAL,10,10130105
NLA06608-2114,1,Region_3,69,XI,XI,MAN-MADE,EHIGH MAN-MADE,5,5020006
NLA06608-2117,1,Region_4,75,XII,CPL,NATURAL,PLNLOW NATURAL,3,3080102
NLA06608-2120,1,Region_6,29,IX,IX,MAN-MADE,PLNLOW MAN-MADE,12,12060201
NLA06608-2123,1,Region_8,46,VI,VI,NATURAL,PLNLOW NATURAL,10,10170201
NLA06608-2131,1,Region_8,42,V,V,NATURAL,PLNLOW NATURAL,10,10130106
NLA06608-2134,1,Region_10,3,I,II,MAN-MADE,WMTNS MAN-MADE,17,17080002
NLA06608-2135,1,Region_8,46,VI,VI,NATURAL,PLNLOW NATURAL,7,7020003
NLA06608-2152,1,Region_7,39,XI,XI,MAN-MADE,EHIGH MAN-MADE,10,10290107
NLA06608-2154,1,Region_4,65,IX,IX,MAN-MADE,PLNLOW MAN-MADE,3,3140304
NLA06608-2155,1,Region_5,56,VII,VII,NATURAL,PLNLOW NATURAL,4,4050001
NLA06608-2162,1,Region_1,59,XIV,CPL,NATURAL,EHIGH NATURAL,1,1090005
NLA06608-2170,1,Region_8,42,V,V,NATURAL,PLNLOW NATURAL,10,10030102
NLA06608-2177,1,Region_8,15,II,II,NATURAL,WMTNS NATURAL,17,17010210
NLA06608-2185,1,Region_9,13,III,III,MAN-MADE,WMTNS MAN-MADE,16,16050302
NLA06608-2187,1,Region_4,68,XI,XI,MAN-MADE,EHIGH MAN-MADE,3,3160112
NLA06608-2193,1,Region_10,1,II,II,NATURAL,WMTNS NATURAL,17,17100106
NLA06608-2196,1,Region_5,71,IX,IX,MAN-MADE,EHIGH MAN-MADE,5,5120202
NLA06608-2217,1,Region_9,23,II,II,MAN-MADE,WMTNS MAN-MADE,15,15020008
NLA06608-2219,1,Region_5,56,VII,VII,MAN-MADE,PLNLOW MAN-MADE,7,7120001
NLA06608-2241,1,Region_10,15,II,II,NATURAL,WMTNS NATURAL,17,17010308
NLA06608-2250,1,Region_8,17,II,II,NATURAL,WMTNS NATURAL,17,17040101
NLA06608-2253,1,Region_3,63,XIV,CPL,MAN-MADE,PLNLOW MAN-MADE,2,2040207
NLA06608-2257,1,Region_10,2,II,II,NATURAL,WMTNS NATURAL,17,17110019
NLA06608-2266,1,Region_8,43,IV,IVman,MAN-MADE,PLNLOW MAN-MADE,10,10090205
NLA06608-2267,1,Region_5,56,VII,VII,NATURAL,PLNLOW NATURAL,4,4050001
NLA06608-2283,1,Region_5,56,VII,VII,NATURAL,PLNLOW NATURAL,5,5120106
NLA06608-2305,1,Region_10,15,II,II,NATURAL,WMTNS NATURAL,17,17010214
NLA06608-2322,1,Region_8,18,III,III,MAN-MADE,WMTNS MAN-MADE,16,16010101
NLA06608-2332,1,Region_7,27,V,V,MAN-MADE,PLNLOW MAN-MADE,10,10250009
NLA06608-2333,1,Region_3,63,XIV,CPL,MAN-MADE,PLNLOW MAN-MADE,2,2060008
NLA06608-2345,1,Region_8,20,III,III,MAN-MADE,WMTNS MAN-MADE,14,14060009
NLA06608-2354,1,Region_1,59,XIV,CPL,NATURAL,EHIGH NATURAL,1,1090004
NLA06608-2372,1,Region_9,22,III,III,MAN-MADE,WMTNS MAN-MADE,14,14080204
NLA06608-2379,1,Region_8,18,III,III,MAN-MADE,WMTNS MAN-MADE,10,10180010
NLA06608-2418,1,Region_1,59,XIV,CPL,MAN-MADE,EHIGH MAN-MADE,1,1090004
NLA06608-2426,1,Region_8,42,V,V,NATURAL,PLNLOW NATURAL,10,10040102
NLA06608-2429,1,Region_8,20,III,III,MAN-MADE,WMTNS MAN-MADE,14,14060004
NLA06608-2438,1,Region_10,80,III,III,MAN-MADE,WMTNS MAN-MADE,17,17120008
NLA06608-2450,1,Region_10,1,II,II,NATURAL,WMTNS NATURAL,17,17100304
NLA06608-2453,1,Region_9,80,III,III,MAN-MADE,WMTNS MAN-MADE,17,17050105
NLA06608-2457,1,Region_8,19,II,II,MAN-MADE,WMTNS MAN-MADE,15,15010008
NLA06608-2463,1,Region_8,20,III,III,MAN-MADE,WMTNS MAN-MADE,14,14060004
NLA06608-2477,1,Region_9,13,III,III,MAN-MADE,WMTNS MAN-MADE,15,15010011
NLA06608-2481,1,Region_10,11,II,II,MAN-MADE,WMTNS MAN-MADE,17,17070201
NLA06608-2492,1,Region_4,65,IX,IX,MAN-MADE,PLNLOW MAN-MADE,8,8030201
NLA06608-2497,1,Region_10,15,II,II,MAN-MADE,WMTNS MAN-MADE,17,17010214
NLA06608-2507,1,Region_5,55,VI,VI,MAN-MADE,PLNLOW MAN-MADE,5,5120201
NLA06608-2513,1,Region_10,2,II,II,NATURAL,WMTNS NATURAL,17,17110019
NLA06608-2523,1,Region_5,56,VII,VII,NATURAL,PLNLOW NATURAL,4,4050001
NLA06608-2524,1,Region_6,73,X,CPL,NATURAL,PLNLOW NATURAL,8,8050003
NLA06608-2565,1,Region_4,75,XII,CPL,NATURAL,PLNLOW NATURAL,3,3090101
NLA06608-2566,1,Region_1,59,XIV,CPL,NATURAL,EHIGH NATURAL,1,1090005
NLA06608-2593,1,Region_4,75,XII,CPL,NATURAL,PLNLOW NATURAL,3,3100101
NLA06608-2629,1,Region_4,75,XII,CPL,NATURAL,PLNLOW NATURAL,3,3080101
NLA06608-2634,1,Region_8,17,II,II,NATURAL,WMTNS NATURAL,10,10070006
NLA06608-2640,1,Region_7,27,V,V,MAN-MADE,PLNLOW MAN-MADE,10,10250007
NLA06608-2644,1,Region_5,55,VI,VI,MAN-MADE,PLNLOW MAN-MADE,5,5090203
NLA06608-2655,1,Region_8,20,III,III,MAN-MADE,WMTNS MAN-MADE,14,14040106
NLA06608-2657,1,Region_4,75,XII,CPL,NATURAL,PLNLOW NATURAL,3,3100208
NLA06608-2663,1,Region_6,34,X,CPL,MAN-MADE,PLNLOW MAN-MADE,12,12040205
NLA06608-2673,1,Region_10,11,II,II,NATURAL,WMTNS NATURAL,17,17070201
NLA06608-2685,1,Region_8,19,II,II,MAN-MADE,WMTNS MAN-MADE,16,16020203
NLA06608-2696,1,Region_6,32,V,V,MAN-MADE,PLNLOW MAN-MADE,12,12030105
NLA06608-2704,1,Region_6,26,IV,IVman,MAN-MADE,PLNLOW MAN-MADE,11,11090106
NLA06608-2708,1,Region_5,71,IX,IX,MAN-MADE,EHIGH MAN-MADE,5,5120201
NLA06608-2714,1,Region_8,17,II,II,MAN-MADE,WMTNS MAN-MADE,10,10120107
NLA06608-2715,1,Region_7,25,V,V,MAN-MADE,PLNLOW MAN-MADE,10,10180009
NLA06608-2726,1,Region_10,9,II,II,NATURAL,WMTNS NATURAL,17,17070301
NLA06608-2740,1,Region_7,27,V,V,MAN-MADE,PLNLOW MAN-MADE,10,10210003
NLA06608-2753,1,Region_10,10,III,III,NATURAL,WMTNS NATURAL,17,17010307
NLA06608-2759,1,Region_6,30,IV,IVman,MAN-MADE,PLNLOW MAN-MADE,12,12090204
NLA06608-2776,1,Region_6,29,IX,IX,MAN-MADE,PLNLOW MAN-MADE,12,12030103
NLA06608-2779,1,Region_5,56,VII,VII,NATURAL,PLNLOW NATURAL,5,5120106
NLA06608-2797,1,Region_9,13,III,III,MAN-MADE,WMTNS MAN-MADE,15,15010013
NLA06608-2800,1,Region_8,42,V,V,MAN-MADE,PLNLOW MAN-MADE,10,10030104
NLA06608-2801,1,Region_10,13,III,III,MAN-MADE,WMTNS MAN-MADE,16,16020309
NLA06608-2807,1,Region_6,29,IX,IX,MAN-MADE,PLNLOW MAN-MADE,12,12060202
NLA06608-2823,1,Region_6,35,IX,IX,MAN-MADE,PLNLOW MAN-MADE,11,11140207
NLA06608-2824,1,Region_7,44,IV,IVman,MAN-MADE,PLNLOW MAN-MADE,10,10210010
NLA06608-2831,1,Region_4,67,XI,XI,MAN-MADE,EHIGH MAN-MADE,3,3150105
NLA06608-2833,1,Region_10,10,III,III,MAN-MADE,WMTNS MAN-MADE,17,17020009
NLA06608-2874,1,Region_8,42,V,V,MAN-MADE,PLNLOW MAN-MADE,10,10030101
NLA06608-2881,1,Region_8,15,II,II,NATURAL,WMTNS NATURAL,17,17010210
NLA06608-2889,1,Region_9,13,III,III,MAN-MADE,WMTNS MAN-MADE,16,16050304
NLA06608-2891,1,Region_5,56,VII,VII,NATURAL,PLNLOW NATURAL,5,5120106
NLA06608-2916,1,Region_5,72,IX,IX,MAN-MADE,PLNLOW MAN-MADE,5,5140201
NLA06608-2924,1,Region_6,26,IV,IVman,MAN-MADE,PLNLOW MAN-MADE,12,12080007
NLA06608-2954,1,Region_10,12,III,III,NATURAL,WMTNS NATURAL,17,17040203
NLA06608-2955,1,Region_4,67,XI,XI,MAN-MADE,EHIGH MAN-MADE,3,3150106
NLA06608-2972,1,Region_7,44,IV,IVnat,NATURAL,PLNLOW NATURAL,10,10210006
NLA06608-2987,1,Region_5,56,VII,VII,NATURAL,PLNLOW NATURAL,7,7120001
NLA06608-2996,1,Region_6,27,V,V,MAN-MADE,PLNLOW MAN-MADE,11,11130206
NLA06608-3032,1,Region_6,29,IX,IX,MAN-MADE,PLNLOW MAN-MADE,11,11130201
NLA06608-3035,1,Region_5,56,VII,VII,NATURAL,PLNLOW NATURAL,4,4050001
NLA06608-3083,1,Region_6,33,IX,IX,MAN-MADE,PLNLOW MAN-MADE,12,12030202
NLA06608-3096,1,Region_6,33,IX,IX,MAN-MADE,PLNLOW MAN-MADE,12,12030105
NLA06608-3121,1,Region_10,11,II,II,MAN-MADE,WMTNS MAN-MADE,17,17050124
NLA06608-3147,1,Region_5,56,VII,VII,NATURAL,PLNLOW NATURAL,5,5120106
NLA06608-3153,1,Region_10,2,II,II,NATURAL,WMTNS NATURAL,17,17110003
NLA06608-3157,1,Region_10,16,II,II,MAN-MADE,WMTNS MAN-MADE,17,17050112
NLA06608-3160,1,Region_7,47,VI,VI,MAN-MADE,PLNLOW MAN-MADE,10,10200203
NLA06608-3169,1,Region_4,76,XIII,CPL,NATURAL,PLNLOW NATURAL,3,3090101
NLA06608-3228,1,Region_6,27,V,V,MAN-MADE,PLNLOW MAN-MADE,12,12060102
NLA06608-3265,1,Region_10,15,II,II,NATURAL,WMTNS NATURAL,17,17010308
NLA06608-3303,1,Region_6,32,V,V,MAN-MADE,PLNLOW MAN-MADE,12,12100301
NLA06608-3313,1,Region_10,13,III,III,MAN-MADE,WMTNS MAN-MADE,16,16010202
NLA06608-3320,1,Region_6,37,IX,IX,MAN-MADE,EHIGH MAN-MADE,11,11110105
NLA06608-3329,1,Region_10,15,II,II,NATURAL,WMTNS NATURAL,17,17010215
NLA06608-3480,1,Region_6,29,IX,IX,MAN-MADE,PLNLOW MAN-MADE,11,11130303
NLA06608-3484,1,Region_7,44,IV,IVnat,NATURAL,PLNLOW NATURAL,10,10150004
NLA06608-3608,1,Region_7,47,VI,VI,MAN-MADE,PLNLOW MAN-MADE,10,10220003
NLA06608-3616,1,Region_6,26,IV,IVman,MAN-MADE,PLNLOW MAN-MADE,11,11090201
NLA06608-3644,1,Region_7,44,IV,IVnat,NATURAL,PLNLOW NATURAL,10,10180009
NLA06608-3656,1,Region_7,44,IV,IVnat,NATURAL,PLNLOW NATURAL,10,10220001
NLA06608-3660,1,Region_7,27,V,V,MAN-MADE,PLNLOW MAN-MADE,10,10270202
NLA06608-3698,1,Region_1,59,XIV,CPL,MAN-MADE,EHIGH MAN-MADE,1,1090003
NLA06608-3846,1,Region_1,59,XIV,CPL,NATURAL,EHIGH NATURAL,1,1090005
NLA06608-3890,1,Region_1,59,XIV,CPL,NATURAL,EHIGH NATURAL,1,1100001
NLA06608-3911,1,Region_6,34,X,CPL,MAN-MADE,PLNLOW MAN-MADE,8,8080201
NLA06608-4056,1,Region_6,27,V,V,MAN-MADE,PLNLOW MAN-MADE,11,11100301
NLA06608-4064,1,Region_6,26,IV,IVman,MAN-MADE,PLNLOW MAN-MADE,11,11040002
NLA06608-4206,1,Region_6,27,V,V,MAN-MADE,PLNLOW MAN-MADE,11,11050002
NLA06608-4252,1,Region_1,58,VIII,VIII,NATURAL,EHIGH NATURAL,2,2010002
NLA06608-4320,1,Region_6,27,V,V,MAN-MADE,PLNLOW MAN-MADE,11,11060001
NLA06608-4382,1,Region_6,27,V,V,MAN-MADE,PLNLOW MAN-MADE,11,11130303
NLA06608-4413,1,Region_1,59,XIV,CPL,MAN-MADE,EHIGH MAN-MADE,1,1100001
NLA06608-4414,1,Region_6,37,IX,IX,MAN-MADE,EHIGH MAN-MADE,11,11110105
NLA06608-4440,1,Region_6,27,V,V,MAN-MADE,PLNLOW MAN-MADE,11,11060001
NLA06608-4472,1,Region_6,27,V,V,MAN-MADE,PLNLOW MAN-MADE,11,11100301
NLA06608-4504,1,Region_6,29,IX,IX,MAN-MADE,PLNLOW MAN-MADE,11,11070106
NLA06608-4610,1,Region_6,29,IX,IX,MAN-MADE,PLNLOW MAN-MADE,11,11130303
NLA06608-4643,1,Region_6,29,IX,IX,MAN-MADE,PLNLOW MAN-MADE,11,11070107
NLA06608-4650,1,Region_6,35,IX,IX,MAN-MADE,PLNLOW MAN-MADE,8,8040206
NLA06608-4659,1,Region_6,27,V,V,MAN-MADE,PLNLOW MAN-MADE,11,11130302
NLA06608-4686,1,Region_6,35,IX,IX,MAN-MADE,PLNLOW MAN-MADE,11,11140207
NLA06608-4698,1,Region_6,35,IX,IX,NATURAL,PLNLOW NATURAL,11,11140206
NLA06608-4828,1,Region_6,29,IX,IX,MAN-MADE,PLNLOW MAN-MADE,11,11130303
NLA06608-4929,1,Region_6,37,IX,IX,MAN-MADE,EHIGH MAN-MADE,11,11140104
NLA06608-4949,1,Region_6,40,IX,IX,MAN-MADE,PLNLOW MAN-MADE,11,11070105
NLA06608-9999,1,Region_1,58,VIII,VIII,NATURAL,EHIGH NATURAL,10,1080101
NLA06608-ACAD_LAKES_0435,1,Region_1,82,VIII,VIII,NATURAL,EHIGH NATURAL,1,1050002
NLA06608-ALPS-1218,1,Region_1,82,VIII,VIII,NATURAL,EHIGH NATURAL,1,1050002
NLA06608-ALSC:020149,1,Region_2,58,VIII,VIII,NATURAL,EHIGH NATURAL,2,2010006
NLA06608-ELS:1C2-032,1,Region_1,59,XIV,CPL,NATURAL,EHIGH NATURAL,1,1070002
NLA06608-ELS:1C3-003,1,Region_1,58,VIII,VIII,NATURAL,EHIGH NATURAL,1,1030001
NLA06608-ELS:1D1-035,1,Region_1,84,XIV,CPL,NATURAL,PLNLOW NATURAL,1,1090002
NLA06608-ELS:1D2-087,1,Region_1,59,XIV,CPL,MAN-MADE,EHIGH MAN-MADE,1,1080204
NLA06608-ELS:1E1-052,1,Region_1,82,VIII,VIII,NATURAL,EHIGH NATURAL,1,1020005
NLA06608-ELS:1E1-096,1,Region_1,82,VIII,VIII,NATURAL,EHIGH NATURAL,1,1050001
NLA06608-ELS:1E1-128,1,Region_1,82,VIII,VIII,NATURAL,EHIGH NATURAL,1,1050002
NLA06608-ELS:1E2-027,1,Region_1,58,VIII,VIII,NATURAL,EHIGH NATURAL,1,1030001
NLA06608-ELS:1E3-002,1,Region_1,82,VIII,VIII,NATURAL,EHIGH NATURAL,1,1010004
NLA06608-ELS:1E3-012,1,Region_1,58,VIII,VIII,NATURAL,EHIGH NATURAL,1,1010003
NLA06608-ELS:1E3-071,1,Region_1,82,VIII,VIII,NATURAL,EHIGH NATURAL,1,1010004
NLA06608-ELS:2B2-008,1,Region_5,50,VIII,VIII,NATURAL,PLNLOW NATURAL,4,4020103
NLA06608-ELS:2C2-048,1,Region_5,50,VIII,VIII,NATURAL,PLNLOW NATURAL,4,4030202
NLA06608-ELS:2C3-018,1,Region_5,50,VIII,VIII,NATURAL,PLNLOW NATURAL,7,7050002
NLA06608-ELS:2D3-008,1,Region_5,50,VIII,VIII,NATURAL,PLNLOW NATURAL,7,7010101
NLA06608-EMAP:ME011L,1,Region_1,58,VIII,VIII,NATURAL,EHIGH NATURAL,1,1020001
NLA06608-EMAP:ME012L,1,Region_1,58,VIII,VIII,NATURAL,EHIGH NATURAL,1,1010003
NLA06608-EMAP:ME254L,1,Region_1,58,VIII,VIII,NATURAL,EHIGH NATURAL,1,1010004
NLA06608-EMAP:ME263L,1,Region_1,82,VIII,VIII,NATURAL,EHIGH NATURAL,1,1050002
NLA06608-EMAP:ME518L,1,Region_1,82,VIII,VIII,NATURAL,EHIGH NATURAL,1,1050001
NLA06608-FL:107895579,1,Region_4,75,XII,CPL,NATURAL,PLNLOW NATURAL,3,3080101
NLA06608-FL:16674741,1,Region_4,75,XII,CPL,NATURAL,PLNLOW NATURAL,3,3080103
NLA06608-FL:18261987,1,Region_4,75,XII,CPL,NATURAL,PLNLOW NATURAL,3,3070204
NLA06608-FL:99324403,1,Region_4,65,IX,IX,NATURAL,PLNLOW NATURAL,3,3110205
NLA06608-FL:99344895,1,Region_4,65,IX,IX,NATURAL,PLNLOW NATURAL,3,3110205
NLA06608-IN:646,1,Region_5,56,VII,VII,NATURAL,PLNLOW NATURAL,4,4050001
NLA06608-MI:7007,1,Region_5,56,VII,VII,NATURAL,PLNLOW NATURAL,4,4090005
NLA06608-MN:03-0029,1,Region_5,50,VIII,VIII,NATURAL,PLNLOW NATURAL,7,7010106
NLA06608-MN:06-0002,1,Region_5,46,VI,VI,NATURAL,PLNLOW NATURAL,7,7020002
NLA06608-MN:11-0102,1,Region_5,50,VIII,VIII,NATURAL,PLNLOW NATURAL,7,7010102
NLA06608-MN:15-0010,1,Region_5,50,VIII,VIII,NATURAL,PLNLOW NATURAL,7,7010101
NLA06608-MN:22-0074,1,Region_5,47,VI,VI,NATURAL,PLNLOW NATURAL,7,7020011
NLA06608-MN:49-0140,1,Region_5,51,VII,VII,NATURAL,PLNLOW NATURAL,7,7010201
NLA06608-MN:51-0063,1,Region_5,46,VI,VI,NATURAL,PLNLOW NATURAL,7,7100001
NLA06608-MN:56-0306,1,Region_5,51,VII,VII,NATURAL,PLNLOW NATURAL,9,9020103
NLA06608-MN:61-0037,1,Region_5,51,VII,VII,NATURAL,PLNLOW NATURAL,7,7020005
NLA06608-MN:74-0023,1,Region_5,47,VI,VI,NATURAL,PLNLOW NATURAL,7,7040002
NLA06608-MN:75-0200,1,Region_5,46,VI,VI,NATURAL,PLNLOW NATURAL,7,7020002
NLA06608-MN:77-0019,1,Region_5,51,VII,VII,NATURAL,PLNLOW NATURAL,7,7010201
NLA06608-MN:87-0030,1,Region_5,47,VI,VI,NATURAL,PLNLOW NATURAL,7,7020004
NLA06608-NELP-0253,1,Region_1,82,VIII,VIII,NATURAL,EHIGH NATURAL,1,1020005
NLA06608-NELP-0955,1,Region_1,58,VIII,VIII,NATURAL,EHIGH NATURAL,1,1010003
NLA06608-NELP-1041,1,Region_1,82,VIII,VIII,NATURAL,EHIGH NATURAL,1,1050002
NLA06608-NELP-1330,1,Region_1,58,VIII,VIII,NATURAL,EHIGH NATURAL,1,1010003
NLA06608-NELP-2155,1,Region_1,58,VIII,VIII,NATURAL,EHIGH NATURAL,1,1010003
NLA06608-NELP-3355,1,Region_1,58,VIII,VIII,NATURAL,EHIGH NATURAL,1,1010003
NLA06608-NELP-3586,1,Region_1,58,VIII,VIII,NATURAL,EHIGH NATURAL,1,1020001
NLA06608-NH250L,1,Region_1,58,VIII,VIII,NATURAL,EHIGH NATURAL,1,1060002
NLA06608-NH4912,1,Region_1,58,VIII,VIII,NATURAL,EHIGH NATURAL,1,1070003
NLA06608-NV:2,1,Region_9,13,III,III,NATURAL,WMTNS NATURAL,16,16040101
NLA06608-NV:3,1,Region_9,13,III,III,MAN-MADE,WMTNS MAN-MADE,16,16040101
NLA06608-NV:4,1,Region_9,13,III,III,MAN-MADE,WMTNS MAN-MADE,15,15010011
NLA06608-OH:19,1,Region_5,55,VI,VI,NATURAL,PLNLOW NATURAL,5,5080002
NLA06608-OH:22,1,Region_5,55,VI,VI,NATURAL,PLNLOW NATURAL,5,5060001
NLA06608-R10BULLTR,1,Region_10,16,II,II,NATURAL,WMTNS NATURAL,17,17050120
NLA06608-R10CAPEHO,1,Region_10,16,II,II,NATURAL,WMTNS NATURAL,17,17060205
NLA06608-R10CHARLT,1,Region_10,4,II,II,NATURAL,WMTNS NATURAL,17,17070301
NLA06608-R10COUNCI,1,Region_10,4,II,II,NATURAL,WMTNS NATURAL,17,17080004
NLA06608-R10DEERLA,1,Region_10,4,II,II,NATURAL,WMTNS NATURAL,17,17070301
NLA06608-R10FISHLA,1,Region_10,80,III,III,NATURAL,WMTNS NATURAL,17,17120003
NLA06608-R10FOURMI,1,Region_10,4,II,II,NATURAL,WMTNS NATURAL,18,18010203
NLA06608-R10RAINYL,1,Region_10,77,II,II,NATURAL,WMTNS NATURAL,17,17020009
NLA06608-R10SQUAWL,1,Region_10,78,II,II,NATURAL,WMTNS NATURAL,17,17100309
NLA06608-R10ULAKE,1,Region_10,2,II,II,NATURAL,WMTNS NATURAL,17,17110018
NLA06608-R10YELLOW,1,Region_10,16,II,II,NATURAL,WMTNS NATURAL,17,17060201
NLA06608-R31,1,Region_3,64,IX,IX,MAN-MADE,EHIGH MAN-MADE,2,2060003
NLA06608-R314,1,Region_3,45,IX,IX,MAN-MADE,EHIGH MAN-MADE,2,2080207
NLA06608-R315,1,Region_3,67,XI,XI,MAN-MADE,EHIGH MAN-MADE,2,2070005
NLA06608-R318,1,Region_3,66,XI,XI,MAN-MADE,EHIGH MAN-MADE,3,3010101
NLA06608-R319,1,Region_3,65,IX,IX,MAN-MADE,PLNLOW MAN-MADE,2,2080206
NLA06608-R32,1,Region_3,67,XI,XI,MAN-MADE,EHIGH MAN-MADE,2,2070002
NLA06608-R322,1,Region_3,45,IX,IX,MAN-MADE,EHIGH MAN-MADE,3,3010103
NLA06608-R323,1,Region_3,63,XIV,CPL,MAN-MADE,PLNLOW MAN-MADE,2,2080208
NLA06608-R324,1,Region_3,65,IX,IX,MAN-MADE,PLNLOW MAN-MADE,2,2080206
NLA06608-R326,1,Region_3,65,IX,IX,MAN-MADE,PLNLOW MAN-MADE,2,2080206
NLA06608-R328,1,Region_3,67,XI,XI,MAN-MADE,EHIGH MAN-MADE,5,5050001
NLA06608-R333,1,Region_3,65,IX,IX,MAN-MADE,PLNLOW MAN-MADE,2,2080107
NLA06608-R334,1,Region_3,67,XI,XI,MAN-MADE,EHIGH MAN-MADE,2,2070004
NLA06608-R336,1,Region_3,69,XI,XI,MAN-MADE,EHIGH MAN-MADE,5,5050004
NLA06608-R34,1,Region_3,69,XI,XI,MAN-MADE,EHIGH MAN-MADE,5,5010007
NLA06608-R5:KATHRYN,1,Region_5,50,VIII,VIII,NATURAL,PLNLOW NATURAL,4,4020102
NLA06608-R5:OTTAWA,1,Region_5,50,VIII,VIII,NATURAL,PLNLOW NATURAL,4,4030106
NLA06608-R7101,1,Region_7,44,IV,IVnat,NATURAL,PLNLOW NATURAL,10,10150004
NLA06608-R7103,1,Region_7,44,IV,IVnat,NATURAL,PLNLOW NATURAL,10,10150004
NLA06608-R7104,1,Region_7,44,IV,IVnat,NATURAL,PLNLOW NATURAL,10,10150004
NLA06608-R7106,1,Region_7,47,VI,VI,MAN-MADE,PLNLOW MAN-MADE,10,10200203
NLA06608-R715,1,Region_7,47,VI,VI,MAN-MADE,PLNLOW MAN-MADE,7,7080205
NLA06608-R716,1,Region_7,47,VI,VI,NATURAL,PLNLOW NATURAL,7,7080205
NLA06608-R723,1,Region_7,28,IV,IVman,MAN-MADE,PLNLOW MAN-MADE,11,11060001
NLA06608-R728,1,Region_7,40,IX,IX,MAN-MADE,PLNLOW MAN-MADE,10,10290101
NLA06608-R730,1,Region_7,28,IV,IVman,MAN-MADE,PLNLOW MAN-MADE,11,11070201
NLA06608-R733,1,Region_7,40,IX,IX,MAN-MADE,PLNLOW MAN-MADE,10,10290102
NLA06608-R736,1,Region_7,40,IX,IX,MAN-MADE,PLNLOW MAN-MADE,10,10290101
NLA06608-R746,1,Region_7,40,IX,IX,MAN-MADE,PLNLOW MAN-MADE,10,10290102
NLA06608-R750,1,Region_7,28,IV,IVman,MAN-MADE,PLNLOW MAN-MADE,10,10270102
NLA06608-R759,1,Region_7,27,V,V,MAN-MADE,PLNLOW MAN-MADE,10,10260009
NLA06608-R764,1,Region_7,29,IX,IX,MAN-MADE,PLNLOW MAN-MADE,11,11070106
NLA06608-R767,1,Region_7,39,XI,XI,MAN-MADE,EHIGH MAN-MADE,7,7140104
NLA06608-R769,1,Region_7,39,XI,XI,MAN-MADE,EHIGH MAN-MADE,11,11010009
NLA06608-R770,1,Region_7,39,XI,XI,MAN-MADE,EHIGH MAN-MADE,11,11010008
NLA06608-R772,1,Region_7,39,XI,XI,MAN-MADE,EHIGH MAN-MADE,10,10290203
NLA06608-R775,1,Region_7,39,XI,XI,MAN-MADE,EHIGH MAN-MADE,7,7140101
NLA06608-R784,1,Region_7,25,V,V,MAN-MADE,PLNLOW MAN-MADE,10,10150002
NLA06608-R788,1,Region_7,44,IV,IVnat,NATURAL,PLNLOW NATURAL,10,10150004
NLA06608-R791,1,Region_7,44,IV,IVnat,NATURAL,PLNLOW NATURAL,10,10180009
NLA06608-R792,1,Region_7,44,IV,IVnat,NATURAL,PLNLOW NATURAL,10,10180009
NLA06608-R796,1,Region_7,44,IV,IVnat,NATURAL,PLNLOW NATURAL,10,10180009
NLA06608-TX:10,1,Region_6,30,IV,IVman,MAN-MADE,PLNLOW MAN-MADE,12,12090201
NLA06608-TX:14,1,Region_6,30,IV,IVman,MAN-MADE,PLNLOW MAN-MADE,12,12090201
NLA06608-TX:15,1,Region_6,29,IX,IX,MAN-MADE,PLNLOW MAN-MADE,12,12060105
NLA06608-TX:19,1,Region_6,35,IX,IX,MAN-MADE,PLNLOW MAN-MADE,12,12020001
NLA06608-TX:22,1,Region_6,35,IX,IX,MAN-MADE,PLNLOW MAN-MADE,12,12010002
NLA06608-TX:27,1,Region_6,27,V,V,MAN-MADE,PLNLOW MAN-MADE,12,12090104
NLA06608-TX:29,1,Region_6,29,IX,IX,MAN-MADE,PLNLOW MAN-MADE,12,12070203
NLA06608-TX:30,1,Region_6,35,IX,IX,MAN-MADE,PLNLOW MAN-MADE,11,11140302
NLA06608-TX:5,1,Region_6,31,IV,IVman,MAN-MADE,PLNLOW MAN-MADE,12,12110108
NLA06608-WI:LOWES,1,Region_5,53,VII,VII,NATURAL,PLNLOW NATURAL,7,7090001
NLA06608-WI:SY,1,Region_5,53,VII,VII,NATURAL,PLNLOW NATURAL,4,4030101
